Year,State,GOS,Concantenate,GDP,UR,ineq,GDP Growth Rate,Ugrowth,Inequality Growth Rate,l_rgdp,l_rgdp_diff,l_ur,l_ur_diff,l_ineq,l_ineq_diff
2006,Alabama,0,Alabama2006,187270.75,4,2.67295082,2.15695037,-11.111111,0.23565574,12.1403107,0.01561367,1.38629436,-0.117783,0.98318304,0.00235379
2007,Alabama,0,Alabama2007,189002.525,4,2.698,0.44875334,0,0.93713584,12.1495157,0.00920494,1.38629436,0,0.99251076,0.00932772
2008,Alabama,0,Alabama2008,186946.65,5.7,2.58461539,0.83137604,42.5,-4.2025432,12.1385786,-0.0109371,1.74046617,0.35417181,0.94957671,-0.042934
2009,Alabama,0,Alabama2009,180707.15,11,2.68897638,-4.69,92.9824561,4.03777651,12.104633,-0.0339455,2.39789527,0.6574291,0.98916059,0.03958388
2010,Alabama,0,Alabama2010,184702.4,10.5,2.7387241,0.66850703,-4.5454545,1.85006155,12.1265012,0.02186812,2.35137526,-0.04652,1.00749215,0.01833156
2011,Alabama,0,Alabama2011,187605.825,9.6,2.66801619,2.4625338,-8.5714286,-2.5817826,12.1420984,0.01559721,2.2617631,-0.0896122,0.9813352,-0.026157
2012,Alabama,0,Alabama2012,189245.5,8,2.7508,2.33492175,-16.666667,3.10282247,12.1508004,0.00870203,2.07944154,-0.1823216,1.01189178,0.03055658
2013,Alabama,0,Alabama2013,191369.8,7.2,2.664,0.96071289,-10,-3.1554457,12.161963,0.01116257,1.97408103,-0.1053605,0.97982875,-0.032063
2014,Alabama,0,Alabama2014,189886.325,6.8,2.656,-2.2856256,-5.5555556,-0.3003003,12.1541809,-0.0077821,1.91692261,-0.0571584,0.97682123,-0.0030075
2015,Alabama,0,Alabama2015,191335.225,6.1,2.66153846,1.25913581,-10.294118,0.20852643,12.1617823,0.00760139,1.80828877,-0.1086338,0.97890432,0.00208309
2016,Alabama,0,Alabama2016,194283.8,5.8,2.62962963,1.70319351,-4.9180328,-1.1988868,12.1770753,0.01529298,1.75785792,-0.0504309,0.96684301,-0.0120613
2017,Alabama,0,Alabama2017,197566.625,4.4,2.52857143,1.88180367,-24.137931,-3.8430583,12.1938311,0.01675589,1.48160454,-0.2762534,0.92765449,-0.0391885
2006,Alaska,0,Alaska2006,49190.175,6.6,2.46617647,4.8045316,-4.3478261,-50.939579,10.8034492,0.07453588,1.88706965,-0.0444518,0.90266896,-0.7121176
2007,Alaska,0,Alaska2007,51720.95,6.3,2.46537396,8.52901792,-4.5454545,-0.0325407,10.8536182,0.05016901,1.84054963,-0.04652,0.9023435,-0.0003255
2008,Alaska,0,Alaska2008,51252.075,6.7,2.61757106,-2.9172051,6.34920635,6.17338791,10.8445114,-0.0091068,1.90210753,0.06155789,0.96224681,0.05990331
2009,Alaska,0,Alaska2009,56215.125,7.7,2.5280303,15.3672989,14.9253731,-3.4207574,10.9369411,0.09242974,2.04122033,0.1391128,0.92744046,-0.0348063
2010,Alaska,0,Alaska2010,54601.5,7.9,2.69733656,-7.0767429,2.5974026,6.69716098,10.9078166,-0.0291245,2.06686276,0.02564243,0.99226483,0.06482436
2011,Alaska,0,Alaska2011,55280.35,7.6,2.48668281,-0.1275265,-3.7974684,-7.8096948,10.9201728,0.01235616,2.02814825,-0.0387145,0.91094962,-0.0813152
2012,Alaska,0,Alaska2012,58283.65,7.1,2.79353234,8.00229916,-6.5789474,12.3397133,10.9730769,0.0529041,1.96009478,-0.0680535,1.02730687,0.11635725
2013,Alaska,0,Alaska2013,55354.3,7,2.5625,-1.5870677,-1.4084507,-8.2702582,10.9215096,-0.0515673,1.94591015,-0.0141846,0.94098334,-0.0863235
2014,Alaska,1,Alaska2014,54188.225,6.9,2.53460621,-5.2647989,-1.4285714,-1.0885383,10.9002189,-0.0212907,1.93152141,-0.0143887,0.93003828,-0.0109451
2015,Alaska,1,Alaska2015,54740.85,6.5,2.72463768,2.65876049,-5.7971014,7.49747537,10.9103655,0.0101466,1.87180218,-0.0597192,1.00233546,0.07229718
2016,Alaska,1,Alaska2016,54246.625,6.9,2.62008734,-0.2633552,6.15384615,-3.8372201,10.9012961,-0.0090695,1.93152141,0.05971923,0.96320765,-0.0391278
2017,Alaska,1,Alaska2017,54129.525,7,2.61555556,-2.0835301,1.44927536,-0.1729629,10.8991351,-0.002161,1.94591015,0.01438874,0.96147652,-0.0017311
2006,Arizona,1,Arizona2006,274179.425,4.2,3.00333333,5.74057369,-10.638298,-8.3231583,12.521538,0.04419482,1.43508453,-0.112478,1.09972278,-0.0869004
2007,Arizona,1,Arizona2007,283250.75,3.9,3.16,2.95737615,-7.1428571,5.21642621,12.5540878,0.03254982,1.36097655,-0.074108,1.15057203,0.05084924
2008,Arizona,1,Arizona2008,280810.05,6.2,3.27974277,2.17972636,58.974359,3.78932801,12.5454337,-0.0086541,1.82454929,0.46357274,1.18776499,0.03719297
2009,Arizona,0,Arizona2009,257498.475,9.9,3.28666667,-8.2639143,59.6774194,0.21111113,12.4587691,-0.0866647,2.29253476,0.46798547,1.18987388,0.00210889
2010,Arizona,0,Arizona2010,260307.125,10.4,3.05517241,-2.584016,5.05050505,-7.0434357,12.4696175,0.01084839,2.34180581,0.04927105,1.11683603,-0.0730379
2011,Arizona,0,Arizona2011,266101.525,9.5,3.05357143,3.38021508,-8.6538462,-0.0524024,12.4916332,0.02201573,2.2512918,-0.090514,1.11631187,-0.0005242
2012,Arizona,0,Arizona2012,271440.025,8.3,2.96551724,2.77494658,-12.631579,-2.8836459,12.5114965,0.0198633,2.11625551,-0.1350363,1.08705147,-0.0292604
2013,Arizona,0,Arizona2013,273481.875,7.7,2.98275862,0.63031033,-7.2289157,0.58139537,12.5189906,0.00749414,2.04122033,-0.0750352,1.09284858,0.00579712
2014,Arizona,0,Arizona2014,276948.95,6.8,2.80333333,1.03908364,-11.688312,-6.0154143,12.5315885,0.01259784,1.91692261,-0.1242977,1.03080919,-0.0620394
2015,Arizona,0,Arizona2015,282576.975,6.1,2.76,2.08213243,-10.294118,-1.5457788,12.5517063,0.0201178,1.80828877,-0.1086338,1.01523068,-0.0155785
2016,Arizona,0,Arizona2016,291275.225,5.4,2.81,2.03322775,-11.47541,1.8115942,12.5820239,0.03031762,1.68639895,-0.1218898,1.03318448,0.0179538
2017,Arizona,0,Arizona2017,302455.375,4.9,2.746875,3.90686996,-9.2592593,-2.2464413,12.619689,0.03766514,1.58923521,-0.0971637,1.0104639,-0.0227206
2006,Arkansas,0,Arkansas2006,108460.575,5.2,2.57084429,3.27537674,0,1.07592931,11.594142,0.02313682,1.64865863,0,0.94423436,0.01070182
2007,Arkansas,1,Arkansas2007,107606.1,5.3,2.64583333,-2.4285439,1.92307692,2.91690338,11.5862326,-0.0079094,1.66770682,0.01904819,0.97298608,0.02875171
2008,Arkansas,1,Arkansas2008,106536.475,5.5,2.49593496,0.96524438,3.77358491,-5.6654504,11.5762427,-0.0099899,1.70474809,0.03704127,0.91466339,-0.0583227
2009,Arkansas,1,Arkansas2009,102996.6,7.8,2.64,-1.0569413,41.8181818,5.77198699,11.5424513,-0.0337914,2.05412373,0.34937564,0.97077892,0.05611553
2010,Arkansas,1,Arkansas2010,105662.025,8.2,2.6475,-2.4663841,5.12820513,0.28409091,11.5680008,0.02554958,2.10413415,0.05001042,0.9736158,0.00283688
2011,Arkansas,1,Arkansas2011,107932.55,8.3,2.69166667,4.08892711,1.2195122,1.66824049,11.5892618,0.02126094,2.11625551,0.01212136,0.99016058,0.01654478
2012,Arkansas,1,Arkansas2012,108492.05,7.6,2.6112,1.9227462,-8.4337349,-2.9894737,11.5944322,0.0051704,2.02814825,-0.0881073,0.95980989,-0.0303507
2013,Arkansas,1,Arkansas2013,110752.4,7.2,2.64,1.36304448,-5.2631579,1.10294118,11.6150524,0.02062018,1.97408103,-0.0540672,0.97077892,0.01096903
2014,Arkansas,1,Arkansas2014,111734.5,6,2.6,0.3515584,-16.666667,-1.5151515,11.6238808,0.00882844,1.79175947,-0.1823216,0.95551145,-0.0152675
2015,Arkansas,0,Arkansas2015,112350.975,5,2.72030651,0.5931936,-16.666667,4.62717358,11.629383,0.00550216,1.60943791,-0.1823216,1.00074456,0.04523312
2016,Arkansas,0,Arkansas2016,112798.125,4,2.6037037,0.7539679,-20,-4.286385,11.633355,0.00397204,1.38629436,-0.2231436,0.95693493,-0.0438096
2017,Arkansas,0,Arkansas2017,113885.15,3.7,2.5,0.75152792,-7.5,-3.9829303,11.6429458,0.00959077,1.30833282,-0.0779615,0.91629073,-0.0406442
2006,California,0,California2006,2002437.43,4.9,3.58258558,5.40556958,-9.2592593,-12.151158,14.5098757,0.03848272,1.58923521,-0.0971637,1.27608477,-0.1295526
2007,California,0,California2007,2041192.18,5.4,3.36466165,0.56189567,10.2040816,-6.0828672,14.5290446,0.01916889,1.68639895,0.09716375,1.21332741,-0.0627574
2008,California,0,California2008,2061638.78,7.3,3.3875,1.90332542,35.1851852,0.67877095,14.5390117,0.00996715,1.98787435,0.30147539,1.22009219,0.00676478
2009,California,0,California2009,1995439.68,11.2,3.53870968,-1.6635878,53.4246575,4.4637543,14.506375,-0.0326368,2.41591378,0.42803943,1.26376216,0.04366998
2010,California,0,California2010,2036015.05,12.2,3.22333333,0.02718454,8.92857143,-8.9121847,14.526505,0.02013008,2.50143595,0.08552217,1.17041602,-0.0933461
2011,California,1,California2011,2063827.5,11.7,3.35640138,2.42181879,-4.0983607,4.12827459,14.5400728,0.01356778,2.45958884,-0.0418471,1.21086938,0.04045336
2012,California,1,California2012,2113096.45,10.4,3.26666667,1.63504772,-11.111111,-2.6735395,14.5636649,0.02359212,2.34180581,-0.117783,1.1837701,-0.0270993
2013,California,1,California2013,2179228.98,8.9,3.39666667,1.97730255,-14.423077,3.97959184,14.5944817,0.03081675,2.18605128,-0.1557545,1.22279456,0.03902446
2014,California,1,California2014,2256054.73,7.5,3.38666667,3.60673191,-15.730337,-0.2944063,14.6291281,0.03464646,2.01490302,-0.1711483,1.21984615,-0.0029484
2015,California,1,California2015,2357452.93,6.2,3.29478827,5.23096152,-17.333333,-2.7129447,14.6730923,0.04396418,1.82454929,-0.1903537,1.19234191,-0.0275042
2016,California,1,California2016,2427894.58,5.5,3.30434783,3.20561593,-11.290323,0.29014162,14.702535,0.02944268,1.70474809,-0.1198012,1.19523912,0.00289722
2017,California,1,California2017,2541769.28,4.8,3.14285714,3.26030476,-12.727273,-4.887218,14.748371,0.04583595,1.56861592,-0.1361322,1.1451323,-0.0501068
2006,Colorado,0,Colorado2006,257430.175,4.3,2.66352711,2.45080248,-14,-4.6676848,12.4585038,0.02307325,1.45861502,-0.1508229,0.97965123,-0.0478013
2007,Colorado,1,Colorado2007,266887.475,3.7,2.55014327,1.73630251,-13.953488,-4.2569059,12.4945824,0.03607861,1.30833282,-0.1502822,0.93614954,-0.0435017
2008,Colorado,1,Colorado2008,270981.4,4.8,2.62857143,3.47758509,29.7297297,3.07544145,12.5098055,0.01522306,1.56861592,0.2602831,0.96644052,0.03029098
2009,Colorado,1,Colorado2009,264966.275,7.3,2.72,-1.091789,52.0833333,3.47826085,12.4873578,-0.0224476,1.98787435,0.41925843,1.00063188,0.03419136
2010,Colorado,1,Colorado2010,267858.9,8.7,2.73504532,-1.1948771,19.1780822,0.55313665,12.4982156,0.0108578,2.16332303,0.17544868,1.00614801,0.00551612
2011,Colorado,1,Colorado2011,271700.65,8.4,2.60693642,2.34411183,-3.4482759,-4.6839773,12.5124562,0.01424056,2.12823171,-0.0350913,0.95817574,-0.0479723
2012,Colorado,1,Colorado2012,276823.15,7.9,2.62857143,1.73720821,-5.952381,0.82990183,12.5311341,0.01867795,2.06686276,-0.0613689,0.96644052,0.00826477
2013,Colorado,1,Colorado2013,286259.075,6.9,2.67428571,3.02275406,-12.658228,1.73913041,12.5646525,0.0335184,1.93152141,-0.1353413,0.98368232,0.01724181
2014,Colorado,1,Colorado2014,298655.25,5,2.58833333,3.04168708,-27.536232,-3.2140313,12.6070452,0.04239264,1.60943791,-0.3220835,0.95101417,-0.0326682
2015,Colorado,1,Colorado2015,312409.65,3.9,2.51648649,6.00071342,-22,-2.7757958,12.6520706,0.04502541,1.36097655,-0.2484614,0.92286368,-0.0281505
2016,Colorado,1,Colorado2016,318953.35,3.2,2.44736842,1.71872401,-17.948718,-2.7466098,12.6728001,0.02072955,1.16315081,-0.1978257,0.89501333,-0.0278503
2017,Colorado,1,Colorado2017,329960.625,2.7,2.395,3.19328153,-15.625,-2.1397849,12.7067286,0.03392848,0.99325177,-0.169899,0.87338323,-0.0216301
2006,Connecticut,0,Connecticut2006,248233.825,4.3,2.44564441,5.27133421,-12.244898,-2.4887759,12.4221264,0.0397941,1.45861502,-0.1306202,0.89430865,-0.0252027
2007,Connecticut,0,Connecticut2007,257953.025,4.5,2.36,3.61938399,4.65116279,-3.5019159,12.4605328,0.03840635,1.5040774,0.04546237,0.85866162,-0.035647
2008,Connecticut,0,Connecticut2008,257755.975,5.7,2.35425,4.56534516,26.6666667,-0.2436441,12.4597686,-0.0007642,1.74046617,0.23638878,0.85622221,-0.0024394
2009,Connecticut,0,Connecticut2009,244894.775,7.9,2.42368421,-8.5147028,38.5964912,2.94931341,12.4085839,-0.0511847,2.06686276,0.32639658,0.88528878,0.02906658
2010,Connecticut,0,Connecticut2010,244354.725,9.1,2.46666667,-1.3827206,15.1898734,1.77343467,12.4063762,-0.0022077,2.20827441,0.14141165,0.90286771,0.01757893
2011,Connecticut,1,Connecticut2011,238542.4,8.8,2.37466667,-2.563276,-3.2967033,-3.7297297,12.3823024,-0.0240739,2.17475172,-0.0335227,0.86485708,-0.0380106
2012,Connecticut,1,Connecticut2012,240911.9,8.3,2.3945946,1.54651103,-5.6818182,0.83918843,12.3921866,0.00988423,2.11625551,-0.0584962,0.87321395,0.00835687
2013,Connecticut,1,Connecticut2013,236050.65,7.8,2.43783784,-1.6287141,-6.0240964,1.80586906,12.3718017,-0.0203849,2.05412373,-0.0621318,0.89111151,0.01789757
2014,Connecticut,1,Connecticut2014,235780.925,6.6,2.39895698,-2.3012274,-15.384615,-1.5948913,12.3706584,-0.0011433,1.88706965,-0.1670541,0.87503405,-0.0160775
2015,Connecticut,1,Connecticut2015,242706.55,5.7,2.325,4.63710008,-13.636364,-3.0828804,12.3996084,0.02895001,1.74046617,-0.1466035,0.84372004,-0.031314
2016,Connecticut,1,Connecticut2016,243286.675,5.1,2.295,0.53662612,-10.526316,-1.2903226,12.4019958,0.00238738,1.62924054,-0.1112256,0.83073284,-0.0129872
2017,Connecticut,1,Connecticut2017,247358.525,4.7,2.2625,0.16843753,-7.8431373,-1.416122,12.4185941,0.01659832,1.54756251,-0.081678,0.8164704,-0.0142624
2006,Delaware,1,Delaware2006,60624.275,3.6,2.31045242,3.29862708,-12.195122,-2.414212,11.0124507,0.0214952,1.28093385,-0.1300531,0.83744336,-0.0244383
2007,Delaware,1,Delaware2007,60477.875,3.4,2.25082311,-0.4525342,-5.5555556,-2.58085,11.0100329,-0.0024178,1.22377543,-0.0571584,0.81129597,-0.0261474
2008,Delaware,1,Delaware2008,58655.675,4.9,2.30588235,-2.7313572,44.1176471,2.44618272,10.9794396,-0.0305933,1.58923521,0.36545977,0.8354634,0.02416743
2009,Delaware,1,Delaware2009,61517.7,8.3,2.38484849,4.23651476,69.3877551,3.42455164,11.0270802,0.04764061,2.11625551,0.52702031,0.86913559,0.03367219
2010,Delaware,1,Delaware2010,60577.2,8.4,2.40476191,0.10976285,1.20481928,0.83499728,11.0116739,-0.0154064,2.12823171,0.01197619,0.8774509,0.0083153
2011,Delaware,1,Delaware2011,62919.325,7.5,2.27272727,1.40348931,-10.714286,-5.4905491,11.0496086,0.03793477,2.01490302,-0.1133287,0.82098055,-0.0564703
2012,Delaware,1,Delaware2012,62354.6,7.2,2.25454546,2.85083097,-4,-0.8,11.0405927,-0.0090159,1.97408103,-0.040822,0.81294838,-0.0080322
2013,Delaware,1,Delaware2013,60235.8,6.7,2.421875,-6.8004649,-6.9444444,7.42187498,11.0060221,-0.0345706,1.90210753,-0.0719735,0.88454203,0.07159365
2014,Delaware,1,Delaware2014,64940.075,5.7,2.28034682,5.18303788,-14.925373,-5.8437442,11.0812202,0.07519806,1.74046617,-0.1616414,0.82432755,-0.0602145
2015,Delaware,1,Delaware2015,66793.45,4.9,2.24285714,7.24926551,-14.035088,-1.644034,11.1093603,0.0281401,1.58923521,-0.151231,0.80775056,-0.016577
2016,Delaware,1,Delaware2016,63001.35,4.5,2.24085714,-5.4111643,-8.1632653,-0.089172,11.0509114,-0.0584489,1.5040774,-0.0851578,0.80685845,-0.0008921
2017,Delaware,1,Delaware2017,60801.25,4.5,2.40457143,-2.5175833,0,7.30587787,11.0153656,-0.0355458,1.5040774,0,0.87737169,0.07051324
2006,Florida,0,Florida2006,839963.75,3.2,2.27924528,3.67258512,-13.513514,-6.6278505,13.641114,0.02924375,1.16315081,-0.145182,0.82384437,-0.0685771
2007,Florida,0,Florida2007,850048.625,4,2.29285714,1.1668647,25,0.59720909,13.6530488,0.01193482,1.38629436,0.22314355,0.8297987,0.00595433
2008,Florida,0,Florida2008,816070.2,6.3,2.33571429,-1.0923968,57.5,1.86915889,13.6122557,-0.0407932,1.84054963,0.45425527,0.84831775,0.01851905
2009,Florida,0,Florida2009,769061.125,10.4,2.41923077,-7.2163825,65.0793651,3.57562924,13.5529257,-0.0593299,2.34180581,0.50125617,0.88344963,0.03513188
2010,Florida,0,Florida2010,775039.45,11.1,2.396,-1.0998123,6.73076923,-0.9602544,13.5606692,0.00774348,2.40694511,0.0651393,0.87380068,-0.0096489
2011,Florida,0,Florida2011,772021.3,10,2.40080972,0.36503033,-9.9099099,0.20073944,13.5567674,-0.0039018,2.30258509,-0.10436,0.87580606,0.00200538
2012,Florida,0,Florida2012,778545.05,8.5,2.428,1.0382274,-15,1.13254636,13.5651821,0.00841472,2.14006616,-0.1625189,0.88706787,0.01126181
2013,Florida,0,Florida2013,794842.15,7.2,2.46,1.63584037,-15.294118,1.31795717,13.5858988,0.02071668,1.97408103,-0.1659851,0.90016135,0.01309348
2014,Florida,0,Florida2014,817233.55,6.3,2.448,1.69777572,-12.5,-0.4878049,13.6136802,0.02778138,1.84054963,-0.1335314,0.89527136,-0.00489
2015,Florida,0,Florida2015,852242.4,5.5,2.36226415,4.28309386,-12.698413,-3.5022814,13.6556263,0.04194608,1.70474809,-0.1358015,0.85962055,-0.0356508
2016,Florida,0,Florida2016,881539.225,4.8,2.34814815,3.39113084,-12.727273,-0.5975624,13.6894248,0.03379851,1.56861592,-0.1361322,0.853627,-0.0059935
2017,Florida,0,Florida2017,912966.175,4.2,2.28070175,4.31689028,-12.5,-2.8723228,13.7244541,0.03502933,1.43508453,-0.1335314,0.82448318,-0.0291438
2006,Georgia,0,Georgia2006,453032.1,4.7,3.08983051,1.7063072,-11.320755,-2.9372615,13.0237183,0.01306245,1.54756251,-0.1201443,1.12811624,-0.0298126
2007,Georgia,0,Georgia2007,455903.975,4.5,3.35666667,-0.1086728,-4.2553191,8.6359481,13.0300375,0.00631922,1.5040774,-0.0434851,1.21094842,0.08283218
2008,Georgia,0,Georgia2008,445764.625,6.2,3.41176471,0.08737058,37.7777778,1.64145101,13.0075463,-0.0224911,1.82454929,0.3204719,1.22722967,0.01628125
2009,Georgia,0,Georgia2009,428740.675,9.9,3.38666667,-4.9171426,59.6774194,-0.7356322,12.9686075,-0.0389388,2.29253476,0.46798547,1.21984615,-0.0073835
2010,Georgia,0,Georgia2010,433727.2,10.5,3.36996337,0.25263728,6.06060606,-0.4932076,12.980171,0.01156352,2.35137526,0.0588405,1.21490187,-0.0049443
2011,Georgia,0,Georgia2011,441626.725,10.2,3.3537037,2.4110312,-2.8571429,-0.4824879,12.9982203,0.01804925,2.32238772,-0.0289875,1.21006532,-0.0048366
2012,Georgia,0,Georgia2012,447764.7,9.2,3.28571429,1.5778135,-9.8039216,-2.0272935,13.0120232,0.01380286,2.21920348,-0.1031842,1.18958407,-0.0204813
2013,Georgia,0,Georgia2013,454908.95,8.2,3.24285714,1.5569546,-10.869565,-1.3043478,13.0278526,0.01582942,2.10413415,-0.1150693,1.17645478,-0.0131293
2014,Georgia,0,Georgia2014,470009.75,7.1,3.15517241,1.88464406,-13.414634,-2.7039344,13.0605087,0.03265615,1.96009478,-0.1440394,1.14904314,-0.0274116
2015,Georgia,0,Georgia2015,489182.35,6,3.03333333,4.39673003,-15.492958,-3.8615665,13.1004906,0.03998188,1.79175947,-0.1683353,1.10966212,-0.039381
2016,Georgia,0,Georgia2016,506816.175,5.4,2.94788274,4.05841192,-10,-2.8170526,13.1359036,0.03541304,1.68639895,-0.1053605,1.0810872,-0.0285749
2017,Georgia,0,Georgia2017,524874.7,4.7,2.8171875,3.51638795,-12.962963,-4.433529,13.1709148,0.0350112,1.54756251,-0.1388364,1.03573905,-0.0453481
2006,Hawaii,0,Hawaii2006,68759.325,2.6,2.2483871,2.99845833,-10.344828,-7.6215512,11.1383676,0.02407294,0.95551145,-0.1091993,0.81021311,-0.0792765
2007,Hawaii,0,Hawaii2007,70080.375,2.8,1.98484849,1.47798447,7.69230769,-11.72123,11.1573981,0.01903043,1.02961942,0.07410797,0.68554258,-0.1246705
2008,Hawaii,0,Hawaii2008,70460.825,4.3,2.04678363,2.7723658,53.5714286,3.12039642,11.1628122,0.00541408,1.45861502,0.42899561,0.7162696,0.03072702
2009,Hawaii,0,Hawaii2009,67927.5,7.2,2.04204204,-4.0719317,67.4418605,-0.2316602,11.1261962,-0.0366159,1.97408103,0.515466,0.71395031,-0.0023193
2010,Hawaii,1,Hawaii2010,69628.1,6.9,2.15625,0.90838883,-4.1666667,5.59283089,11.1509235,0.02472726,1.93152141,-0.0425596,0.7683706,0.05442029
2011,Hawaii,1,Hawaii2011,70646.6,6.8,2.10625,2.64272505,-1.4492754,-2.3188406,11.1654453,0.01452176,1.91692261,-0.0145988,0.74490912,-0.0234615
2012,Hawaii,1,Hawaii2012,71905.3,6,2.13846154,1.35630509,-11.764706,1.52933118,11.1831053,0.01765999,1.79175947,-0.1251631,0.76008666,0.01517755
2013,Hawaii,1,Hawaii2013,73063.225,4.9,2.24,2.4593924,-18.333333,4.74820146,11.1990804,0.01597519,1.58923521,-0.2025243,0.80647587,0.0463892
2014,Hawaii,1,Hawaii2014,73512.4,4.4,2.11428571,-0.6008744,-10.204082,-5.6122449,11.2052094,0.00612894,1.48160454,-0.1076307,0.74871703,-0.0577588
2015,Hawaii,1,Hawaii2015,75869.475,3.6,2.19060774,3.08611543,-18.181818,3.60982532,11.2367697,0.03156033,1.28093385,-0.2006707,0.78417901,0.03546198
2016,Hawaii,1,Hawaii2016,77303.875,3,2.19946092,2.43635686,-16.666667,0.40414269,11.2554994,0.01872965,1.09861229,-0.1823216,0.78821229,0.00403328
2017,Hawaii,1,Hawaii2017,78941.625,2.4,2.06666667,2.07046149,-20,-6.0375817,11.2764639,0.02096457,0.87546874,-0.2231436,0.725937,-0.0622753
2006,Idaho,0,Idaho2006,57613.75,3.5,2.9,4.89578787,-12.5,0.35526317,10.9615165,0.02764156,1.25276297,-0.1335314,1.06471074,0.00354634
2007,Idaho,0,Idaho2007,58670.9,3.1,3.7414966,0.4814836,-11.428571,29.0171241,10.9796991,0.01818261,1.13140211,-0.1213609,1.31948569,0.25477495
2008,Idaho,0,Idaho2008,60309.45,5.1,3.24666667,3.3485409,64.516129,-13.225455,11.0072441,0.02754495,1.62924054,0.49783843,1.17762883,-0.1418569
2009,Idaho,0,Idaho2009,57327.975,8.8,3.33928571,-2.8016068,72.5490196,2.85274272,10.956544,-0.0507001,2.17475172,0.54551118,1.20575693,0.0281281
2010,Idaho,0,Idaho2010,58281.75,9,3.41785714,-0.6850327,2.27272727,2.35294119,10.9730443,0.01650028,2.19722458,0.02247286,1.22901379,0.02325686
2011,Idaho,0,Idaho2011,58226.225,8.3,3.29928315,0.32792896,-7.7777778,-3.4692494,10.9720911,-0.0009532,2.11625551,-0.0809691,1.19370522,-0.0353086
2012,Idaho,0,Idaho2012,58323.95,7.2,3.17894737,0.285138,-13.253012,-3.6473313,10.9737681,0.00167696,1.97408103,-0.1421745,1.15655013,-0.0371551
2013,Idaho,0,Idaho2013,60631.225,6.1,3.08421053,2.24161286,-15.277778,-2.9801324,11.0125653,0.03879721,1.80828877,-0.1657923,1.12629572,-0.0302544
2014,Idaho,0,Idaho2014,62454.025,4.8,3.44097222,3.75258086,-21.311475,11.5673588,11.042186,0.02962066,1.56861592,-0.2396729,1.23575405,0.10945834
2015,Idaho,0,Idaho2015,63081.225,4.2,3,2.90511973,-12.5,-12.815338,11.0521785,0.0099925,1.43508453,-0.1335314,1.09861229,-0.1371418
2016,Idaho,0,Idaho2016,65479.05,3.8,2.99590014,1.9623313,-9.5238095,-0.1366621,11.0894855,0.03730706,1.33500107,-0.1000835,1.09724473,-0.0013676
2017,Idaho,0,Idaho2017,66980.525,3.2,2.91503268,1.52640041,-15.789474,-2.6992708,11.1121572,0.02267166,1.16315081,-0.1718503,1.06988103,-0.0273637
2006,Illinois,1,Illinois2006,704827.575,4.5,2.92556634,2.60370496,-21.052632,1.75882932,13.4657085,0.02459094,1.5040774,-0.2363888,1.07348808,0.01743541
2007,Illinois,1,Illinois2007,712619.8,5,2.8125,0.6164339,11.1111111,-3.8647677,13.4767033,0.01099484,1.60943791,0.10536052,1.03407377,-0.0394143
2008,Illinois,1,Illinois2008,706616.475,6.3,2.73556231,0.15920498,26,-2.7355623,13.4682433,-0.00846,1.84054963,0.23111172,1.00633701,-0.0277368
2009,Illinois,1,Illinois2009,688160.95,10.2,2.8125,-3.4084303,61.9047619,2.8125,13.441778,-0.0264653,2.32238772,0.48183809,1.03407377,0.02773675
2010,Illinois,1,Illinois2010,698179.575,10.4,2.88466667,0.4734977,1.96078431,2.56592594,13.4562316,0.01445359,2.34180581,0.01941809,1.05940935,0.02533559
2011,Illinois,1,Illinois2011,711283.375,9.7,2.87,2.60630493,-6.7307692,-0.5084354,13.4748262,0.01859457,2.27212589,-0.0696799,1.05431203,-0.0050973
2012,Illinois,1,Illinois2012,726399.1,9,2.81528662,3.25557416,-7.2164948,-1.9063894,13.4958549,0.02102868,2.19722458,-0.0749013,1.03506408,-0.019248
2013,Illinois,1,Illinois2013,726124.95,9,2.825,-0.2637411,0,0.34502263,13.4954774,-0.0003775,2.19722458,0,1.03850836,0.00344429
2014,Illinois,1,Illinois2014,741194,7.1,2.6969697,0.22433662,-21.111111,-4.5320461,13.5160177,0.02054029,1.96009478,-0.2371298,0.99212881,-0.0463796
2015,Illinois,0,Illinois2015,751754.95,6,2.64705882,2.70594433,-15.492958,-1.8506279,13.5301657,0.01414801,1.79175947,-0.1683353,0.97344915,-0.0186797
2016,Illinois,0,Illinois2016,749333.5,5.8,2.55428571,-0.0642706,-3.3333333,-3.5047619,13.5269394,-0.0032263,1.75785792,-0.0339016,0.93777262,-0.0356765
2017,Illinois,0,Illinois2017,755594.675,4.9,2.48603352,0.14568805,-15.517241,-2.6720658,13.5352604,0.00832094,1.58923521,-0.1686227,0.91068848,-0.0270841
2006,Indiana,0,Indiana2006,296112.725,5,2.35517241,2.61371755,-9.0909091,-10.336076,12.5984955,0.01972829,1.60943791,-0.0953102,0.85661394,-0.1091017
2007,Indiana,0,Indiana2007,304085.7,4.6,2.4,1.12215555,-8,1.90336749,12.6250648,0.02656936,1.5260563,-0.0833816,0.87546874,0.0188548
2008,Indiana,0,Indiana2008,300962.55,5.9,2.46666667,3.12822015,28.2608696,2.77777779,12.6147411,-0.0103237,1.77495235,0.24889605,0.90286771,0.02739897
2009,Indiana,0,Indiana2009,279520.75,10.3,2.4137931,-10.053731,74.5762712,-2.1435229,12.5408318,-0.0739093,2.3321439,0.55719154,0.88119941,-0.0216683
2010,Indiana,0,Indiana2010,297517.35,10.4,2.52142857,5.4066832,0.97087379,4.45918368,12.6032278,0.06239601,2.34180581,0.00966191,0.92482563,0.04362622
2011,Indiana,0,Indiana2011,299064.55,9.1,2.4738676,2.37484956,-12.5,-1.886271,12.6084147,0.00518689,2.20827441,-0.1335314,0.90578275,-0.0190429
2012,Indiana,0,Indiana2012,300513.875,8.3,2.4862069,1.10004341,-8.7912088,0.49878583,12.6132492,0.00483449,2.11625551,-0.0920189,0.91075821,0.00497546
2013,Indiana,0,Indiana2013,307279.15,7.7,2.47241379,1.98901117,-7.2289157,-0.554785,12.6355119,0.02226269,2.04122033,-0.0750352,0.90519492,-0.0055633
2014,Indiana,0,Indiana2014,316783.05,6,2.40666667,1.70210331,-22.077922,-2.6592282,12.6659724,0.03046054,1.79175947,-0.2494609,0.87824266,-0.0269523
2015,Indiana,0,Indiana2015,313751.175,4.8,2.53333333,0.0166863,-20,5.26315787,12.6563555,-0.0096169,1.56861592,-0.2231436,0.92953596,0.05129329
2016,Indiana,0,Indiana2016,319601.5,4.4,2.41587302,0.82129558,-8.3333333,-4.6365915,12.6748302,0.01847467,1.48160454,-0.0870114,0.88206072,-0.0474752
2017,Indiana,0,Indiana2017,325841.75,3.6,2.39393939,2.2875645,-18.181818,-0.9078963,12.6941671,0.01933693,1.28093385,-0.2006707,0.87294029,-0.0091204
2006,Iowa,1,Iowa2006,146555.35,3.7,2.10320285,1.16813351,-13.953488,11.6224975,11.8951585,0.01358903,1.30833282,-0.1502822,0.74346135,0.10995243
2007,Iowa,1,Iowa2007,152861.8,3.7,2.03333333,2.88836322,0,-3.322053,11.9372895,0.04213107,1.30833282,0,0.70967648,-0.0337849
2008,Iowa,1,Iowa2008,149881.4,4.2,2.09666667,2.0187503,13.5135135,3.11475413,11.9175996,-0.0196899,1.43508453,0.12675171,0.74034878,0.0306723
2009,Iowa,1,Iowa2009,146182.8,6.4,2.05863192,-5.9112531,52.3809524,-1.8140578,11.8926132,-0.0249864,1.85629799,0.42121347,0.72204165,-0.0183071
2010,Iowa,1,Iowa2010,150148.45,6,2.11,2.88939986,-6.25,2.49525316,11.9193798,0.02676658,1.79175947,-0.0645385,0.74668795,0.0246463
2011,Iowa,0,Iowa2011,152435.225,5.5,2.21679688,1.26096902,-8.3333333,5.06146327,11.934495,0.01511528,1.70474809,-0.0870114,0.7960633,0.04937536
2012,Iowa,0,Iowa2012,158538.375,5,2.184375,5.44759142,-9.0909091,-1.4625551,11.973752,0.03925693,1.60943791,-0.0953102,0.78132975,-0.0147336
2013,Iowa,0,Iowa2013,158480.8,4.7,2.09230769,-0.1536061,-6,-4.2148124,11.9733887,-0.0003632,1.54756251,-0.0618754,0.73826762,-0.0430621
2014,Iowa,0,Iowa2014,166619.2,4.2,2.11176471,2.45628785,-10.638298,0.92993082,12.0234662,0.05007752,1.43508453,-0.112478,0.74752395,0.00925634
2015,Iowa,0,Iowa2015,171126.5,3.8,2.0862069,5.3848521,-9.5238095,-1.2102584,12.0501583,0.02669208,1.33500107,-0.1000835,0.73534754,-0.0121764
2016,Iowa,0,Iowa2016,170389.1,3.6,2.17563739,0.12729547,-5.2631579,4.2867511,12.0458399,-0.0043184,1.28093385,-0.0540672,0.77732168,0.04197414
2017,Iowa,0,Iowa2017,170182.725,3.1,2.11956522,0.00386496,-13.888889,-2.5772758,12.044628,-0.0012119,1.13140211,-0.1495317,0.75121098,-0.0261107
2006,Kansas,1,Kansas2006,130364.525,4.4,2.41496599,4.43100015,-12,-1.9337017,11.7780898,0.05045812,1.48160454,-0.1278334,0.8816852,-0.0195264
2007,Kansas,1,Kansas2007,137093.6,4.2,2.64,4.40054127,-4.5454545,9.31830988,11.8284192,0.05032934,1.43508453,-0.04652,0.97077892,0.08909371
2008,Kansas,1,Kansas2008,139536.825,4.6,2.46855346,3.78510667,9.52380952,-6.4941872,11.8460838,0.01766464,1.5260563,0.09097178,0.90363233,-0.0671466
2009,Kansas,1,Kansas2009,134227.05,6.9,2.60952381,-4.6584758,50,5.71064607,11.807288,-0.0387958,1.93152141,0.40546511,0.95916776,0.05553542
2010,Kansas,1,Kansas2010,135723.225,7.1,2.775,-1.0513432,2.89855073,6.34124086,11.818373,0.01108493,1.96009478,0.02857337,1.02065075,0.06148299
2011,Kansas,0,Kansas2011,139579.425,6.5,2.77631579,4.00500522,-8.4507042,0.04741582,11.8463891,0.02801609,1.87180218,-0.0882926,1.02112479,0.00047405
2012,Kansas,0,Kansas2012,141818.175,5.7,2.82911392,6.25941639,-12.307692,1.90173377,11.8623011,0.01591199,1.74046617,-0.131336,1.03996356,0.01883877
2013,Kansas,0,Kansas2013,141723.375,5.3,2.75,-4.2542302,-7.0175439,-2.7964206,11.8616324,-0.0006687,1.66770682,-0.0727594,1.01160091,-0.0283626
2014,Kansas,0,Kansas2014,145344.15,4.5,2.6969697,0.19426178,-15.09434,-1.9283747,11.8868597,0.02522728,1.5040774,-0.1636294,0.99212881,-0.0194721
2015,Kansas,0,Kansas2015,148810.525,4.2,2.5862069,4.23455971,-6.6666667,-4.1069353,11.9104291,0.02356947,1.43508453,-0.0689929,0.95019228,-0.0419365
2016,Kansas,0,Kansas2016,153695.325,4,2.51428571,2.97839103,-4.7619048,-2.7809524,11.9427275,0.03229838,1.38629436,-0.0487902,0.92198875,-0.0282035
2017,Kansas,0,Kansas2017,155407.875,3.7,2.42777778,3.00711566,-7.5,-3.4406565,11.9538084,0.01108088,1.30833282,-0.0779615,0.88697634,-0.0350124
2006,Kentucky,0,Kentucky2006,175657.65,5.7,2.308,4.39046933,-3.3898305,-2.5337838,12.0762922,0.0258194,1.74046617,-0.0344862,0.83638135,-0.0256644
2007,Kentucky,0,Kentucky2007,174407.275,5.4,2.48,-1.5207271,-5.2631579,7.45233969,12.0691485,-0.0071437,1.68639895,-0.0540672,0.90825856,0.07187721
2008,Kentucky,1,Kentucky2008,173810.125,6.4,2.42913386,1.93286631,18.5185185,-2.0510541,12.0657187,-0.0034298,1.85629799,0.16989904,0.88753476,-0.0207238
2009,Kentucky,1,Kentucky2009,166704.175,10.3,2.5,-5.6792235,60.9375,2.91734199,12.0239761,-0.0417426,2.3321439,0.4758459,0.91629073,0.02875598
2010,Kentucky,1,Kentucky2010,173780.125,10.2,2.49797571,1.65404331,-0.9708738,-0.0809716,12.0655461,0.04157002,2.32238772,-0.0097562,0.91548069,-0.00081
2011,Kentucky,1,Kentucky2011,175745.35,9.4,2.532,2.90317902,-7.8431373,1.36207453,12.0767914,0.01124522,2.24070969,-0.081678,0.9290095,0.01352882
2012,Kentucky,1,Kentucky2012,178143.725,8.2,2.5,2.67527612,-12.765957,-1.2638231,12.0903459,0.0135546,2.10413415,-0.1365755,0.91629073,-0.0127188
2013,Kentucky,1,Kentucky2013,181505.85,8,2.55,2.26230274,-2.4390244,2,12.1090432,0.01869722,2.07944154,-0.0246926,0.93609336,0.01980263
2014,Kentucky,1,Kentucky2014,181471.8,6.5,2.5,-1.2662118,-18.75,-1.9607843,12.1088555,-0.0001876,1.87180218,-0.2076394,0.91629073,-0.0198026
2015,Kentucky,0,Kentucky2015,182916,5.3,2.39855073,0.79814668,-18.461538,-4.057971,12.1167823,0.00792676,1.66770682,-0.2040954,0.87486469,-0.041426
2016,Kentucky,0,Kentucky2016,184114.975,5.1,2.38194444,-0.2537215,-3.7735849,-0.6923465,12.1233157,0.0065334,1.62924054,-0.0384663,0.86791715,-0.0069475
2017,Kentucky,0,Kentucky2017,185866.525,4.9,2.34333333,1.80810729,-3.9215686,-1.6209912,12.1327841,0.00946838,1.58923521,-0.0400053,0.85157442,-0.0163427
2006,Louisiana,1,Louisiana2006,245500.275,4.5,2.825,-0.4913668,-37.5,-8.8944788,12.4110533,-0.0092158,1.5040774,-0.4700036,1.03850836,-0.0931518
2007,Louisiana,1,Louisiana2007,230367.7,4.3,2.98,-5.3856618,-4.4444444,5.48672566,12.347432,-0.0636213,1.45861502,-0.0454624,1.0919233,0.05341494
2008,Louisiana,0,Louisiana2008,232150.675,4.9,2.96153846,-1.7625835,13.9534884,-0.6195147,12.3551419,0.00770989,1.58923521,0.13062018,1.08570888,-0.0062144
2009,Louisiana,0,Louisiana2009,236411,6.8,2.98518519,2.95607183,38.7755102,0.79846078,12.3733271,0.01818519,1.91692261,0.32768741,1.09366178,0.0079529
2010,Louisiana,0,Louisiana2010,246836.175,8,2.95384615,3.81105971,17.6470588,-1.0498187,12.4164801,0.04315304,2.07944154,0.16251893,1.0831081,-0.0105537
2011,Louisiana,0,Louisiana2011,234975.7,7.8,3.05555556,-3.2366137,-2.5,3.44328705,12.3672374,-0.0492428,2.05412373,-0.0253178,1.11696143,0.03385333
2012,Louisiana,0,Louisiana2012,235384.675,7.1,3.01515152,0.56524057,-8.974359,-1.3223141,12.3689764,0.00173899,1.96009478,-0.0940289,1.10365008,-0.0133113
2013,Louisiana,0,Louisiana2013,228452.775,6.7,3.02222222,-3.5821066,-5.6338028,0.23450586,12.3390848,-0.0298916,1.90210753,-0.0579873,1.1059924,0.00234231
2014,Louisiana,0,Louisiana2014,235355.1,6.4,2.97080292,-0.554146,-4.4776119,-1.701374,12.3688507,0.02976592,1.85629799,-0.0458095,1.08883226,-0.0171601
2015,Louisiana,0,Louisiana2015,233015.975,6.3,2.9,3.12178742,-1.5625,-2.3832924,12.3588623,-0.0099884,1.84054963,-0.0157484,1.06471074,-0.0241215
2016,Louisiana,1,Louisiana2016,228428.525,6.1,2.92857143,-3.1293482,-3.1746032,0.98522169,12.3389786,-0.0198837,1.80828877,-0.0322609,1.07451474,0.009804
2017,Louisiana,1,Louisiana2017,233774.45,5.1,2.9,1.86772398,-16.393443,-0.9756098,12.362112,0.0231334,1.62924054,-0.1790482,1.06471074,-0.009804
2006,Maine,1,Maine2006,55448.4,4.6,1.88461539,1.70082949,-6.122449,2.42474919,10.9232081,0.00944965,1.5260563,-0.0631789,0.63372376,0.02395819
2007,Maine,1,Maine2007,55359.9,4.7,1.9962963,-0.9271576,2.17391304,5.92592589,10.9216108,-0.0015974,1.54756251,0.02150621,0.69129361,0.05756985
2008,Maine,1,Maine2008,54653.875,5.5,1.94444444,0.74072455,17.0212766,-2.5974026,10.9087754,-0.0128354,1.70474809,0.15718558,0.6649763,-0.0263173
2009,Maine,1,Maine2009,53630.1,8.1,1.96296296,-4.2865306,47.2727273,0.95238098,10.8898658,-0.0189096,2.09186406,0.38711597,0.67445505,0.00947874
2010,Maine,1,Maine2010,54305,8.1,1.87326007,2.11946705,0,-4.5697699,10.9023716,0.01250583,2.09186406,0,0.62768027,-0.0467748
2011,Maine,0,Maine2011,53789,7.9,2.0605364,-0.5441238,-2.4691358,9.99734782,10.8928243,-0.0095473,2.06686276,-0.0250013,0.72296634,0.09528607
2012,Maine,0,Maine2012,53679.725,7.5,1.90942029,0.49464154,-5.0632911,-7.3338238,10.8907906,-0.0020336,2.01490302,-0.0519597,0.64679968,-0.0761667
2013,Maine,0,Maine2013,53239.075,6.6,1.97826087,-1.0323572,-12,3.60531311,10.8825479,-0.0082428,1.88706965,-0.1278334,0.68221811,0.03541843
2014,Maine,0,Maine2014,54037.875,5.6,1.96896552,-0.1118503,-15.151515,-0.469875,10.8974405,0.01489257,1.7227666,-0.1643031,0.67750829,-0.0047098
2015,Maine,0,Maine2015,54425.775,4.4,1.8440678,0.79394059,-21.428571,-6.3433168,10.9045931,0.00715266,1.48160454,-0.2411621,0.61197389,-0.0655344
2016,Maine,0,Maine2016,55565.35,3.8,1.94333333,2.13399965,-13.636364,5.38296565,10.9253151,0.02072196,1.33500107,-0.1466035,0.66440471,0.05243082
2017,Maine,0,Maine2017,56662.55,3.4,1.87820513,2.41227272,-10.526316,-3.3513656,10.9448688,0.01955369,1.22377543,-0.1112256,0.6303166,-0.0340881
2006,Maryland,0,Maryland2006,305794.075,3.9,2.33420366,2.95091368,-4.8780488,-5.0740954,12.6306672,0.01360921,1.36097655,-0.0500104,0.84767079,-0.0520735
2007,Maryland,1,Maryland2007,306755.825,3.5,2.45,-0.3229862,-10.25641,4.96085013,12.6338074,0.00314015,1.25276297,-0.1082136,0.89608802,0.04841724
2008,Maryland,1,Maryland2008,314757.575,4.2,2.427,3.19231246,20,-0.9387755,12.659558,0.02575067,1.43508453,0.18232156,0.88665593,-0.0094321
2009,Maryland,1,Maryland2009,311342.2,7,2.4525,-1.7283235,66.6666667,1.05067985,12.6486479,-0.0109101,1.94591015,0.51082562,0.89710791,0.01045199
2010,Maryland,1,Maryland2010,325369.65,7.7,2.47,3.85420341,10,0.71355759,12.6927172,0.04406929,2.04122033,0.09531018,0.90421815,0.00711024
2011,Maryland,1,Maryland2011,332437.225,7.2,2.4625,2.97179634,-6.4935065,-0.3036437,12.7142063,0.02148912,1.97408103,-0.0671393,0.90117709,-0.0030411
2012,Maryland,1,Maryland2012,332523.5,7,2.5375,1.64922036,-2.7777778,3.04568528,12.7144658,0.00025949,1.94591015,-0.0281709,0.93117934,0.03000225
2013,Maryland,1,Maryland2013,334268.925,6.6,2.525,-0.1976952,-5.7142857,-0.4926108,12.7197011,0.0052353,1.88706965,-0.0588405,0.92624106,-0.0049383
2014,Maryland,1,Maryland2014,339604.625,5.8,2.575,0.24059387,-12.121212,1.98019802,12.7355374,0.01583624,1.75785792,-0.1292117,0.94584953,0.01960847
2015,Maryland,0,Maryland2015,348151.775,5.1,2.52380952,3.15163647,-12.068966,-1.9879797,12.7603938,0.02485645,1.62924054,-0.1286174,0.92576948,-0.0200801
2016,Maryland,0,Maryland2016,360081.95,4.5,2.48837209,2.93516841,-11.764706,-1.4041246,12.7940869,0.03369312,1.5040774,-0.1251631,0.91162872,-0.0141408
2017,Maryland,0,Maryland2017,366680.525,4.3,2.38752784,2.32498269,-4.4444444,-4.0526195,12.8122462,0.01815932,1.45861502,-0.0454624,0.87025845,-0.0413703
2006,Massachusetts,0,Massachusetts2006,395535.85,4.9,2.34117647,2.57182402,2.08333333,-2.5669721,12.8879967,0.02232474,1.58923521,0.02061929,0.85065357,-0.0260049
2007,Massachusetts,1,Massachusetts2007,406421.15,4.6,2.37142857,1.66993156,-6.122449,1.29217513,12.9151452,0.02714851,1.5260563,-0.0631789,0.86349255,0.01283898
2008,Massachusetts,1,Massachusetts2008,414919.875,5.5,2.37912088,4.12705125,19.5652174,0.32437443,12.9358407,0.02069549,1.70474809,0.17869179,0.86673104,0.00323849
2009,Massachusetts,1,Massachusetts2009,407219.55,8.1,2.36111111,-2.6107648,47.2727273,-0.7569926,12.9171078,-0.018733,2.09186406,0.38711597,0.85913232,-0.0075987
2010,Massachusetts,1,Massachusetts2010,425792.725,8.3,2.35714286,2.86949462,2.4691358,-0.1680672,12.9617079,0.04460019,2.11625551,0.02439145,0.85745023,-0.0016821
2011,Massachusetts,1,Massachusetts2011,434494.525,7.3,2.41714286,2.19438128,-12.048193,2.54545455,12.9819386,0.02023068,1.98787435,-0.1283812,0.88258621,0.02513597
2012,Massachusetts,1,Massachusetts2012,442916.9,6.7,2.47428571,3.30647202,-8.2191781,2.36406619,13.0011374,0.01919882,1.90210753,-0.0857668,0.90595175,0.02336555
2013,Massachusetts,1,Massachusetts2013,444874.025,6.7,2.42333333,0.56488228,0,-2.0592764,13.0055464,0.00440898,1.90210753,0,0.885144,-0.0208078
2014,Massachusetts,1,Massachusetts2014,451568.925,5.7,2.40540541,0.05013406,-14.925373,-0.7398045,13.0204833,0.01493687,1.74046617,-0.1616414,0.87771846,-0.0074255
2015,Massachusetts,0,Massachusetts2015,468060.9,4.8,2.32020997,4.66568602,-15.789474,-3.5418325,13.0563537,0.0358704,1.56861592,-0.1718503,0.84165769,-0.0360608
2016,Massachusetts,0,Massachusetts2016,475349.025,3.9,2.285,1.54184552,-18.75,-1.5175339,13.0718046,0.01545091,1.36097655,-0.2076394,0.82636602,-0.0152917
2017,Massachusetts,0,Massachusetts2017,484413.8,3.8,2.32843137,1.46280758,-2.5641026,1.90071654,13.0906948,0.01889018,1.33500107,-0.0259755,0.84519481,0.01882879
2006,Michigan,1,Michigan2006,449853.5,7,2.53846154,-1.327348,2.94117647,-1.6100179,13.0166773,-0.0160627,1.94591015,0.02898754,0.9315582,-0.0162312
2007,Michigan,1,Michigan2007,446943.15,7,2.62413793,-0.3495908,0,3.37513063,13.0101867,-0.0064906,1.94591015,0,0.96475243,0.03319423
2008,Michigan,1,Michigan2008,420973.95,8,2.53448276,-3.801998,14.2857143,-3.4165571,12.9503262,-0.0598605,2.07944154,0.13353139,0.92998958,-0.0347629
2009,Michigan,1,Michigan2009,383140.075,13.7,2.61678832,-12.396615,71.25,3.24743034,12.8561559,-0.0941703,2.61739583,0.53795429,0.96194773,0.03195816
2010,Michigan,1,Michigan2010,404216.85,12.6,2.61481482,2.8383445,-8.0291971,-0.0754171,12.9097068,0.05355084,2.53369681,-0.083699,0.96119328,-0.0007545
2011,Michigan,0,Michigan2011,414834.35,10.4,2.6134289,5.68874861,-17.460317,-0.0530026,12.9356346,0.02592779,2.34180581,-0.191891,0.96066311,-0.0005302
2012,Michigan,0,Michigan2012,422691.175,9.1,2.52210145,2.41932353,-12.5,-3.4945449,12.9543971,0.01876255,2.20827441,-0.1335314,0.92509246,-0.0355706
2013,Michigan,0,Michigan2013,428737.6,8.8,2.46527778,1.38740308,-3.2967033,-2.2530288,12.9686004,0.01420325,2.17475172,-0.0335227,0.90230449,-0.022788
2014,Michigan,0,Michigan2014,434313.125,7.2,2.39795918,-0.0928481,-18.181818,-2.7306697,12.981521,0.01292068,1.97408103,-0.2006707,0.87461804,-0.0276865
2015,Michigan,0,Michigan2015,443831.225,5.4,2.4,2.9702294,-25,0.08510637,13.0031996,0.02167861,1.68639895,-0.2876821,0.87546874,0.0008507
2016,Michigan,0,Michigan2016,452325.225,5,2.46666667,1.55219085,-7.4074074,2.77777779,13.0221567,0.01895708,1.60943791,-0.076961,0.90286771,0.02739897
2017,Michigan,0,Michigan2017,457764.875,4.6,2.321875,1.75815661,-8,-5.8699324,13.034111,0.01195423,1.5260563,-0.0833816,0.84237505,-0.0604927
2006,Minnesota,0,Minnesota2006,284381.95,4,2.24242424,1.26399402,-2.4390244,-1.6226784,12.5580735,-0.0008963,1.38629436,-0.0246926,0.80755753,-0.0163599
2007,Minnesota,0,Minnesota2007,286299.2,4.6,2.25742857,-1.1744995,15,0.66911197,12.5647927,0.00671919,1.5260563,0.13976194,0.81422637,0.00666883
2008,Minnesota,0,Minnesota2008,288420.65,5.4,2.28328612,2.809656,17.3913044,1.14544258,12.5721753,0.00738259,1.68639895,0.16034265,0.82561569,0.01138932
2009,Minnesota,0,Minnesota2009,277494.1,7.8,2.31428571,-4.6713312,44.4444444,1.35767457,12.533555,-0.0386203,2.05412373,0.36772478,0.83910109,0.01348541
2010,Minnesota,0,Minnesota2010,287140.125,7.4,2.4,1.37497346,-5.1282051,3.70370372,12.5677256,0.03417067,2.00148,-0.0526437,0.87546874,0.03636764
2011,Minnesota,1,Minnesota2011,293783.15,6.5,2.34285714,3.72106035,-12.162162,-2.3809524,12.5905972,0.02287157,1.87180218,-0.1296778,0.85137119,-0.0240976
2012,Minnesota,1,Minnesota2012,298328.3,5.6,2.35,2.51232752,-13.846154,0.30487804,12.6059498,0.01535265,1.7227666,-0.1490356,0.85441533,0.00304414
2013,Minnesota,1,Minnesota2013,305486.425,5,2.37771739,1.03881791,-10.714286,1.17946345,12.6296606,0.02371078,1.60943791,-0.1133287,0.86614095,0.01172562
2014,Minnesota,1,Minnesota2014,314091.35,4.2,2.27368421,2.6460738,-16,-4.3753383,12.6574391,0.02777852,1.43508453,-0.1743534,0.82140152,-0.0447394
2015,Minnesota,1,Minnesota2015,318913.225,3.7,2.19769821,3.09340166,-11.904762,-3.3419769,12.6726743,0.01523518,1.30833282,-0.1267517,0.78741054,-0.033991
2016,Minnesota,1,Minnesota2016,324030.3,3.9,2.265,0.59150351,5.40540541,3.06237634,12.6885923,0.01591799,1.36097655,0.05264373,0.81757476,0.03016421
2017,Minnesota,1,Minnesota2017,328696.075,3.4,2.25,2.81465829,-12.820513,-0.6622517,12.7028888,0.01429651,1.22377543,-0.1372011,0.81093022,-0.0066445
2006,Mississippi,0,Mississippi2006,99005.825,6.5,3.08181818,2.27187045,-13.333333,7.72312795,11.502934,0.02231839,1.87180218,-0.1431008,1.12551974,0.07439412
2007,Mississippi,0,Mississippi2007,100211.75,6.1,3.08296943,1.75129788,-6.1538462,0.0373562,11.5150407,0.01210676,1.80828877,-0.0635134,1.12589323,0.00037349
2008,Mississippi,0,Mississippi2008,101777.625,6.6,2.892,2.31349119,8.19672131,-6.1943343,11.5305456,0.01550484,1.88706965,0.07878088,1.0619483,-0.0639449
2009,Mississippi,0,Mississippi2009,98000.65,9.5,3.1,-2.8205476,43.9393939,7.1922545,11.4927294,-0.0378162,2.2512918,0.36422215,1.13140211,0.06945381
2010,Mississippi,0,Mississippi2010,98601.05,10.4,2.8826087,-0.9003994,9.47368421,-7.0126227,11.4988372,0.0061078,2.34180581,0.09051401,1.05869568,-0.0727064
2011,Mississippi,0,Mississippi2011,98515.775,10,2.96956522,-0.2774969,-3.8461538,3.01659123,11.497972,-0.0008652,2.30258509,-0.0392207,1.08841555,0.02971987
2012,Mississippi,0,Mississippi2012,100448.45,9,3.07234043,3.97667742,-10,3.4609514,11.5173999,0.01942797,2.19722458,-0.1053605,1.12243962,0.03402407
2013,Mississippi,0,Mississippi2013,100331.2,8.5,2.79583333,-0.6048929,-5.5555556,-8.9998846,11.516232,-0.0011679,2.14006616,-0.0571584,1.02813021,-0.0943094
2014,Mississippi,0,Mississippi2014,100283.625,7.5,2.7755102,-1.4857098,-11.764706,-0.7269077,11.5157577,-0.0004743,2.01490302,-0.1251631,1.02083459,-0.0072956
2015,Mississippi,0,Mississippi2015,100482.425,6.4,2.716,0.58002913,-14.666667,-2.1441176,11.5177381,0.00198042,1.85629799,-0.158605,0.99916021,-0.0216744
2016,Mississippi,0,Mississippi2016,101255.275,5.8,2.81712062,1.63383854,-9.375,3.72314518,11.5254001,0.00766197,1.75785792,-0.0984401,1.03571531,0.0365551
2017,Mississippi,0,Mississippi2017,101642.075,5.1,2.58712121,0.46310237,-12.068966,-8.1643437,11.5292129,0.00381277,1.62924054,-0.1286174,0.95054576,-0.0851696
2006,Missouri,0,Missouri2006,267221.1,4.8,2.43333333,1.43777672,-11.111111,1.07692308,12.4958317,0.00557646,1.56861592,-0.117783,0.88926206,0.01071166
2007,Missouri,0,Missouri2007,267691.15,5.1,2.35714286,-1.6384196,6.25,-3.1311155,12.4975892,0.00175748,1.62924054,0.06062462,0.85745023,-0.0318118
2008,Missouri,0,Missouri2008,273436.225,6.1,2.4137931,3.21981163,19.6078431,2.40334377,12.5188237,0.02123452,1.80828877,0.17904823,0.88119941,0.02374918
2009,Missouri,1,Missouri2009,266834.9,9.3,2.43902439,-1.8562025,52.4590164,1.04529618,12.4943854,-0.0244383,2.2300144,0.42172563,0.89159812,0.01039871
2010,Missouri,1,Missouri2010,270732.9,9.6,2.47857143,1.41874455,3.22580645,1.6214286,12.508888,0.01450261,2.2617631,0.0317487,0.90768236,0.01608424
2011,Missouri,1,Missouri2011,268533.8,8.5,2.47857143,-1.1202286,-11.458333,0,12.5007321,-0.0081559,2.14006616,-0.1216969,0.90768236,0
2012,Missouri,1,Missouri2012,271535.15,6.9,2.41342756,2.06722505,-18.823529,-2.6282828,12.5118469,0.01111481,1.93152141,-0.2085448,0.88104796,-0.0266344
2013,Missouri,1,Missouri2013,274599.275,6.7,2.35690236,0.90397656,-2.8985507,-2.3421132,12.5230681,0.01122126,1.90210753,-0.0294139,0.8573482,-0.0236998
2014,Missouri,1,Missouri2014,276080.675,6.1,2.33333333,-1.422414,-8.9552239,-1,12.5284484,0.00538027,1.80828877,-0.0938188,0.84729786,-0.0100503
2015,Missouri,1,Missouri2015,279020.85,5,2.37666667,3.00223837,-18.032787,1.85714289,12.5390418,0.01059339,1.60943791,-0.1988509,0.86569895,0.01840109
2016,Missouri,1,Missouri2016,279109.125,4.6,2.296875,-0.2938428,-8,-3.3572931,12.5393581,0.00031632,1.5260563,-0.0833816,0.8315495,-0.0341494
2017,Missouri,0,Missouri2017,282174.175,3.8,2.34375,0.3341636,-17.391304,2.04081633,12.5502798,0.01092169,1.33500107,-0.1910552,0.85175221,0.02020271
2006,Montana,1,Montana2006,38577.55,3.5,2.11666667,1.73247554,-20.454545,9.5583161,10.5604258,0.03169723,1.25276297,-0.2288416,0.74984252,0.09128679
2007,Montana,1,Montana2007,40438.3,3.6,2.35546875,5.52181348,2.85714286,11.2819882,10.6075326,0.04710685,1.28093385,0.02817088,0.85673975,0.10689723
2008,Montana,1,Montana2008,40471.125,5.1,2.24444444,1.99191448,41.6666667,-4.7134697,10.608344,0.0008114,1.62924054,0.34830669,0.80845803,-0.0482817
2009,Montana,1,Montana2009,39513.4,6.8,2.11538462,-2.6830964,33.3333333,-5.7501904,10.5843951,-0.0239489,1.91692261,0.28768207,0.74923665,-0.0592214
2010,Montana,1,Montana2010,40793.75,7.3,2.13214286,1.80282626,7.35294118,0.7922078,10.6162842,0.03188903,1.98787435,0.07095174,0.75712751,0.00789086
2011,Montana,1,Montana2011,41875.7,6.9,2.21481482,2.7685449,-5.4794521,3.87741177,10.642461,0.02617682,1.93152141,-0.0563529,0.7951688,0.03804128
2012,Montana,1,Montana2012,42340.875,6,2.29885058,2.11515525,-13.043478,3.79425672,10.6535082,0.01104723,1.79175947,-0.1397619,0.83240925,0.03724045
2013,Montana,1,Montana2013,42968.25,5.4,2.2614841,0.91086348,-10,-1.6254417,10.6682167,0.01470854,1.68639895,-0.1053605,0.81602128,-0.016388
2014,Montana,1,Montana2014,43829.125,4.7,2.28070175,0.94347988,-12.962963,0.84978068,10.6880538,0.01983708,1.54756251,-0.1388364,0.82448318,0.0084619
2015,Montana,1,Montana2015,45395.75,4.2,2.21833333,5.07879777,-10.638298,-2.7346154,10.7231738,0.03511994,1.43508453,-0.112478,0.79675616,-0.027727
2016,Montana,1,Montana2016,44436.8,4.1,2.19959335,-2.1831246,-2.3809524,-0.8447777,10.7018232,-0.0213505,1.41098697,-0.0240976,0.7882725,-0.0084837
2017,Montana,1,Montana2017,45910.525,3.9,2.23824451,2.33373593,-4.8780488,1.75719603,10.7344497,0.03262644,1.36097655,-0.0500104,0.80569186,0.01741936
2006,Nebraska,0,Nebraska2006,91832.725,3.1,2.475,3.40385691,-18.421053,7.94392523,11.427724,0.02786561,1.13140211,-0.203599,0.9062404,0.0764417
2007,Nebraska,0,Nebraska2007,93910.85,3,2.6,3.34790127,-3.2258065,5.05050505,11.4501012,0.02237721,1.09861229,-0.0327898,0.95551145,0.04927105
2008,Nebraska,0,Nebraska2008,93840.45,3.3,2.4205298,0.96873591,10,-6.9027,11.4493513,-0.0007499,1.19392247,0.09531018,0.88398644,-0.071525
2009,Nebraska,0,Nebraska2009,93977.575,4.6,2.48666667,-1.2160473,39.3939394,2.73233017,11.4508115,0.00146019,1.5260563,0.33213384,0.91094313,0.02695668
2010,Nebraska,0,Nebraska2010,97466.15,4.6,2.44333333,2.20805389,0,-1.7426274,11.4872604,0.03644895,1.5260563,0,0.89336323,-0.0175799
2011,Nebraska,0,Nebraska2011,102587.375,4.4,2.5,7.07572185,-4.3478261,2.31923603,11.5384702,0.05120974,1.48160454,-0.0444518,0.91629073,0.0229275
2012,Nebraska,0,Nebraska2012,102725.925,4,2.52941177,0.10199058,-9.0909091,1.1764706,11.5398198,0.00134964,1.38629436,-0.0953102,0.92798677,0.01169604
2013,Nebraska,0,Nebraska2013,104680.025,3.8,2.48502994,2.77626491,-5,-1.7546303,11.5586636,0.0188438,1.33500107,-0.0512933,0.91028471,-0.0177021
2014,Nebraska,0,Nebraska2014,107936.75,3.3,2.48571429,1.42574717,-13.157895,0.02753874,11.5893007,0.03063709,1.19392247,-0.1410786,0.91056006,0.00027535
2015,Nebraska,0,Nebraska2015,111401.45,3,2.45070423,3.4147403,-9.0909091,-1.4084507,11.6208956,0.03159494,1.09861229,-0.0953102,0.89637542,-0.0141846
2016,Nebraska,0,Nebraska2016,112611.525,3.1,2.36216216,0.79375014,3.33333333,-3.6129233,11.6316993,0.01080372,1.13140211,0.03278982,0.85957737,-0.0367981
2017,Nebraska,0,Nebraska2017,114480.875,2.9,2.2265625,1.82840955,-6.4516129,-5.7404891,11.6481631,0.01646371,1.06471074,-0.0666914,0.80045892,-0.0591185
2006,Nevada,0,Nevada2006,142967.05,4,2.5625,5.29910311,-2.4390244,-5.4315476,11.8703695,0.03892627,1.38629436,-0.0246926,0.94098334,-0.0558462
2007,Nevada,0,Nevada2007,144107.075,4.5,2.76441177,1.11470184,12.5,7.87948351,11.8783119,0.00794242,1.5040774,0.11778304,1.01682787,0.07584452
2008,Nevada,0,Nevada2008,139954.25,6.7,2.58823529,-0.2650092,48.8888889,-6.3730184,11.8490709,-0.029241,1.90210753,0.39803013,0.95097629,-0.0658516
2009,Nevada,0,Nevada2009,128241.25,11.3,2.68484849,-8.2220653,68.6567164,3.73278238,11.7616685,-0.0874023,2.42480273,0.5226952,0.9876243,0.03664801
2010,Nevada,0,Nevada2010,129828.375,13.5,2.63333333,-2.8781692,19.4690266,-1.9187359,11.7739687,0.01230013,2.60268969,0.17788696,0.96825047,-0.0193738
2011,Nevada,0,Nevada2011,130697.85,13,2.625,1.99048381,-3.7037037,-0.3164557,11.7806434,0.00667478,2.56494936,-0.0377403,0.9650809,-0.0031696
2012,Nevada,0,Nevada2012,129312.9,11.2,2.53333333,0.2801912,-13.846154,-3.4920635,11.7699903,-0.0106531,2.41591378,-0.1490356,0.92953596,-0.0355449
2013,Nevada,0,Nevada2013,129720.9,9.6,2.50333333,-0.2641288,-14.285714,-1.1842105,11.7731405,0.00315017,2.2617631,-0.1541507,0.91762318,-0.0119128
2014,Nevada,0,Nevada2014,130897.35,7.9,2.36666667,0.092151,-17.708333,-5.4593875,11.7821687,0.00902821,2.06686276,-0.1949003,0.8614825,-0.0561407
2015,Nevada,0,Nevada2015,136347.375,6.8,2.462,3.11255915,-13.924051,4.028169,11.8229611,0.04079243,1.91692261,-0.1499401,0.90097403,0.03949153
2016,Nevada,0,Nevada2016,140081.2,5.7,2.52922078,2.99025824,-16.176471,2.73033221,11.8499775,0.0270164,1.74046617,-0.1764564,0.92791126,0.02693724
2017,Nevada,0,Nevada2017,145699.9,5.1,2.37272727,4.32299951,-10.526316,-6.1874198,11.8893043,0.03932677,1.62924054,-0.1112256,0.86404004,-0.0638712
2006,New Hampshire,1,New Hampshire2006,66628.2,3.4,2.07317073,1.76534706,-5.5555556,-0.4755557,11.1068832,0.02421232,1.22377543,-0.0571584,0.72907919,-0.0047669
2007,New Hampshire,1,New Hampshire2007,66853.625,3.5,2.12034384,0.55165352,2.94117647,2.27540874,11.1102608,0.00337762,1.25276297,0.02898754,0.75157826,0.02249907
2008,New Hampshire,1,New Hampshire2008,65854.125,3.9,2.23142857,1.15451911,11.4285714,5.2389961,11.0951973,-0.0150635,1.36097655,0.10821358,0.802642,0.05106373
2009,New Hampshire,1,New Hampshire2009,65023.45,6.2,2.14705882,-4.1765563,58.974359,-3.7809746,11.0825033,-0.0126941,1.82454929,0.46357274,0.76409892,-0.0385431
2010,New Hampshire,1,New Hampshire2010,67125.75,5.8,2.05797101,2.59729328,-6.4516129,-4.1492953,11.114323,0.03181975,1.75785792,-0.0666914,0.72172055,-0.0423784
2011,New Hampshire,1,New Hampshire2011,67559.15,5.4,2.17647059,1.19390558,-6.8965517,5.75807789,11.1207588,0.00643578,1.68639895,-0.071459,0.77770457,0.05598402
2012,New Hampshire,1,New Hampshire2012,68498.1,5.5,2.08571429,1.93428564,1.85185185,-4.1698841,11.1345613,0.0138025,1.70474809,0.01834914,0.73511138,-0.0425932
2013,New Hampshire,1,New Hampshire2013,69080.275,5.1,2.10285714,1.82658558,-7.2727273,0.8219178,11.1430245,0.00846323,1.62924054,-0.0755076,0.74329696,0.00818558
2014,New Hampshire,1,New Hampshire2014,70213.7,4.3,2.0758427,-0.5645738,-15.686275,-1.2846544,11.1592987,0.01627421,1.45861502,-0.1706255,0.73036719,-0.0129298
2015,New Hampshire,1,New Hampshire2015,72042.425,3.4,2.07567568,2.62548824,-20.930233,-0.0080459,11.1850105,0.02571173,1.22377543,-0.2348396,0.73028673,-0.00008046
2016,New Hampshire,1,New Hampshire2016,73572.175,2.9,1.98919384,3.46708474,-14.705882,-4.1664427,11.2060222,0.02101172,1.06471074,-0.1590647,0.68772945,-0.0425573
2017,New Hampshire,0,New Hampshire2017,74107.325,2.7,1.89873418,0.81378558,-6.8965517,-4.5475539,11.2132697,0.00724748,0.99325177,-0.071459,0.64118744,-0.046542
2006,New Jersey,1,New Jersey2006,516681.375,4.7,2.58591549,2.18895967,4.44444444,-11.251189,13.1551817,0.01715225,1.54756251,0.04348511,0.9500796,-0.1193602
2007,New Jersey,1,New Jersey2007,520898.35,4.3,2.55936676,-0.2238516,-8.5106383,-1.0266669,13.1633102,0.00812853,1.45861502,-0.0889475,0.93975987,-0.0103197
2008,New Jersey,1,New Jersey2008,534501.4,5.3,2.5375,5.29134284,23.255814,-0.8543815,13.1890896,0.02577943,1.66770682,0.2090918,0.93117934,-0.0085805
2009,New Jersey,1,New Jersey2009,506850.75,9.1,2.62329843,-5.7950244,71.6981132,3.38121888,13.1359719,-0.0531178,2.20827441,0.54056759,0.96443247,0.03325312
2010,New Jersey,0,New Jersey2010,513917.95,9.5,2.71857924,1.0917992,4.3956044,3.63209938,13.1498189,0.01384704,2.2512918,0.04301739,1.0001094,0.03567694
2011,New Jersey,0,New Jersey2011,507604,9.3,2.77777778,-1.9239127,-2.1052632,2.17755445,13.1374569,-0.012362,2.2300144,-0.0212774,1.02165125,0.02154184
2012,New Jersey,0,New Jersey2012,517195.85,9.3,2.7027027,2.8262999,0,-2.7027027,13.1561769,0.01872001,2.2300144,0,0.99425227,-0.027399
2013,New Jersey,0,New Jersey2013,523725.825,8.2,2.76394153,1.66130474,-11.827957,2.26583649,13.1687236,0.01254669,2.10413415,-0.1258802,1.01665775,0.02240548
2014,New Jersey,0,New Jersey2014,522166.475,6.8,2.72078947,-1.3426994,-17.073171,-1.5612506,13.1657417,-0.0029819,1.91692261,-0.1872115,1.00092209,-0.0157357
2015,New Jersey,0,New Jersey2015,529953.75,5.8,2.7253886,1.53938575,-14.705882,0.16903649,13.180545,0.01480328,1.75785792,-0.1590647,1.00261102,0.00168894
2016,New Jersey,0,New Jersey2016,535055.275,5,2.72,1.43279898,-13.793103,-0.1977186,13.1901253,0.00958032,1.60943791,-0.14842,1.00063188,-0.0019791
2017,New Jersey,0,New Jersey2017,537045.075,4.6,2.7,-0.4118036,-8,-0.7352941,13.1938373,0.00371197,1.5260563,-0.0833816,0.99325177,-0.0073801
2006,New Mexico,1,New Mexico2006,86058.425,4.2,3.1428,1.68867805,-17.647059,8.67219917,11.3627817,0.02379989,1.43508453,-0.194156,1.14511412,0.08316582
2007,New Mexico,1,New Mexico2007,86738.725,3.8,2.888,0.44076217,-9.5238095,-8.1074201,11.3706557,0.00787401,1.33500107,-0.1000835,1.06056422,-0.0845499
2008,New Mexico,1,New Mexico2008,86965.2,4.5,3.02222222,-0.56492,18.4210526,4.64758386,11.3732633,0.0026076,1.5040774,0.16907633,1.1059924,0.04542817
2009,New Mexico,1,New Mexico2009,88069.95,7.5,3.01851852,3.85173105,66.6666667,-0.122549,11.3858867,0.01262335,2.01490302,0.51082562,1.10476615,-0.0012262
2010,New Mexico,1,New Mexico2010,87610.225,8.1,3.13888889,-2.4292981,8,3.98773005,11.380653,-0.0052337,2.09186406,0.07696104,1.14386888,0.03910273
2011,New Mexico,0,New Mexico2011,87592.925,7.5,3.16923077,-0.7332573,-7.4074074,0.96664397,11.3804555,-0.0001975,2.01490302,-0.076961,1.1534889,0.00962002
2012,New Mexico,0,New Mexico2012,87925.225,7.1,3.12213741,2.37224563,-5.3333333,-1.4859557,11.384242,0.00378651,1.96009478,-0.0548082,1.13851783,-0.0149711
2013,New Mexico,0,New Mexico2013,86856.6,6.9,3.08984375,-1.6047809,-2.8169014,-1.0343445,11.3720138,-0.0122283,1.93152141,-0.0285734,1.12812052,-0.0103973
2014,New Mexico,0,New Mexico2014,88991.175,6.7,3.068,0.24386593,-2.8985507,-0.7069532,11.3962925,0.02427872,1.90210753,-0.0294139,1.12102588,-0.0070946
2015,New Mexico,0,New Mexico2015,89701.3,6.5,3.12260536,3.79209031,-2.9850746,1.77983585,11.4042405,0.00794805,1.87180218,-0.0303053,1.13866771,0.01764182
2016,New Mexico,0,New Mexico2016,89151.35,6.6,2.71428571,-0.8300844,1.53846154,-13.076249,11.3980908,-0.0061498,1.88706965,0.01526747,0.99852883,-0.1401389
2017,New Mexico,0,New Mexico2017,89032.025,5.9,2.80714286,-1.1623158,-10.606061,3.42105264,11.3967514,-0.0013394,1.77495235,-0.1121173,1.03216719,0.03363836
2006,New York,0,New York2006,1199276.9,4.5,2.68666667,4.58183036,-10,-4.6061312,13.9972293,0.02566331,1.5040774,-0.1053605,0.98830127,-0.0471559
2007,New York,1,New York2007,1208564.65,4.6,2.71666667,3.09869281,2.22222222,1.11662531,14.004944,0.00771462,1.5260563,0.02197891,0.99940564,0.01110437
2008,New York,1,New York2008,1190080.85,5.4,2.61612903,-3.0665323,17.3913044,-3.7007718,13.9895318,-0.0154122,1.68639895,0.16034265,0.96169576,-0.0377099
2009,New York,1,New York2009,1230672.3,8.3,2.68670886,-1.8201478,53.7037037,2.69787263,14.0230712,0.03353936,2.11625551,0.42985656,0.98831697,0.02662122
2010,New York,1,New York2010,1277466.78,8.6,2.70333333,7.99254603,3.61445783,0.61876716,14.0603896,0.03731843,2.1517622,0.03550669,0.99448558,0.00616861
2011,New York,1,New York2011,1279527.1,8.3,2.71333333,0.93453625,-3.4883721,0.36991369,14.0620011,0.00161152,2.11625551,-0.0355067,0.99817789,0.00369231
2012,New York,1,New York2012,1328233.5,8.5,2.63427642,1.26944057,2.40963855,-2.9136453,14.0993604,0.03735931,2.14006616,0.02381065,0.96860854,-0.0295693
2013,New York,1,New York2013,1329376.3,7.7,2.79220779,0.82203731,-9.4117647,5.99524665,14.1002204,0.00086002,2.04122033,-0.0988458,1.02683261,0.05822406
2014,New York,1,New York2014,1353410.4,6.3,2.671875,1.65021095,-18.181818,-4.309593,14.1181382,0.01791774,1.84054963,-0.2006707,0.98278047,-0.0440521
2015,New York,1,New York2015,1373642.98,5.3,2.65165165,2.15390397,-15.873016,-0.7568972,14.1329769,0.01483869,1.66770682,-0.1728428,0.97518271,-0.0075978
2016,New York,1,New York2016,1403230.53,4.9,2.60115607,2.70427581,-7.5471698,-1.9043068,14.1542877,0.02131078,1.58923521,-0.0784716,0.95595599,-0.0192267
2017,New York,1,New York2017,1419583.58,4.7,2.57142857,1.12148566,-4.0816327,-1.1428571,14.1658741,0.01158648,1.54756251,-0.0416727,0.94446161,-0.0114944
2006,North Carolina,1,North Carolina2006,434209.2,4.7,2.65530303,6.40546627,-9.6153846,-4.9162045,12.9812817,0.05980175,1.54756251,-0.1010961,0.97655878,-0.0504116
2007,North Carolina,1,North Carolina2007,438960.1,4.7,2.65714286,2.00829016,0,0.06928878,12.9921638,0.01088207,1.54756251,0,0.97725143,0.00069265
2008,North Carolina,1,North Carolina2008,450537.975,6.1,2.57094595,2.64795849,29.787234,-3.2439698,13.0181976,0.02603385,1.80828877,0.26072626,0.9442739,-0.0329775
2009,North Carolina,1,North Carolina2009,431955.275,10.6,2.67678571,-6.3402134,73.7704918,4.11676364,12.9760773,-0.0421203,2.360854,0.55256523,0.98461671,0.04034281
2010,North Carolina,1,North Carolina2010,437836.5,10.9,2.62962963,2.50963395,2.83018868,-1.7616682,12.9896008,0.0135235,2.38876279,0.02790879,0.96684301,-0.0177737
2011,North Carolina,1,North Carolina2011,443288.7,10.3,2.70740741,1.83149516,-5.5045872,2.95774645,13.0019765,0.0123757,2.3321439,-0.0566189,0.9959915,0.02914849
2012,North Carolina,1,North Carolina2012,445095.325,9.3,2.56834532,1.5612506,-9.7087379,-5.136356,13.0060438,0.00406722,2.2300144,-0.1021295,0.94326185,-0.0527297
2013,North Carolina,0,North Carolina2013,452056.2,8,2.64285714,-0.2701141,-13.978495,2.90116046,13.0215618,0.01551804,2.07944154,-0.1505729,0.97186058,0.02859873
2014,North Carolina,0,North Carolina2014,462253.075,6.3,2.6,2.70729494,-21.25,-1.6216216,13.0438678,0.02230601,1.84054963,-0.2388919,0.95551145,-0.0163491
2015,North Carolina,0,North Carolina2015,475096.575,5.7,2.5170068,2.7609651,-9.5238095,-3.192046,13.0712734,0.02740558,1.74046617,-0.1000835,0.92307042,-0.032441
2016,North Carolina,0,North Carolina2016,482968.9,5.1,2.5,1.64240929,-10.526316,-0.6756757,13.0877075,0.01643416,1.62924054,-0.1112256,0.91629073,-0.0067797
2017,North Carolina,1,North Carolina2017,496726.475,4.5,2.50326797,2.76232633,-11.764706,0.13071896,13.1157948,0.02808726,1.5040774,-0.1251631,0.91759707,0.00130634
2006,North Dakota,0,North Dakota2006,30590.125,3.2,1.96940727,2.70527642,-5.8823529,3.653014,10.3284325,0.0415474,1.16315081,-0.0606246,0.67773262,0.03587873
2007,North Dakota,0,North Dakota2007,32022.25,3.1,1.96035714,4.3504847,-3.125,-0.4595354,10.3741863,0.04575373,1.13140211,-0.0317487,0.67312667,-0.0046059
2008,North Dakota,0,North Dakota2008,34256.45,3.2,1.86643836,7.58566879,3.22580645,-4.7909019,10.4416301,0.06744389,1.16315081,0.0317487,0.62403199,-0.0490947
2009,North Dakota,0,North Dakota2009,35244.4,4.1,2.1,3.58061566,28.125,12.5137615,10.4700619,0.02843178,1.41098697,0.24783616,0.74193734,0.11790535
2010,North Dakota,0,North Dakota2010,37917.2,3.8,1.96666667,3.98925453,-7.3170732,-6.3492063,10.5431601,0.07309818,1.33500107,-0.0759859,0.67634006,-0.0655973
2011,North Dakota,0,North Dakota2011,42340.775,3.5,2.125,9.2688678,-7.8947368,8.05084744,10.6535058,0.11034573,1.25276297,-0.0822381,0.7537718,0.07743174
2012,North Dakota,0,North Dakota2012,51832.55,3.1,2.17457143,23.009248,-11.428571,2.33277313,10.8557736,0.20226776,1.13140211,-0.1213609,0.7768316,0.0230598
2013,North Dakota,0,North Dakota2013,52892.375,2.9,2.11299435,5.41663429,-6.4516129,-2.831688,10.8760145,0.02024086,1.06471074,-0.0666914,0.74810606,-0.0287255
2014,North Dakota,0,North Dakota2014,57790.025,2.7,2.35277778,7.27785127,-6.8965517,11.3480392,10.9645715,0.08855699,0.99325177,-0.071459,0.85559666,0.1074906
2015,North Dakota,0,North Dakota2015,56542.45,2.8,2.15,5.58505589,3.7037037,-8.6186541,10.942747,-0.0218245,1.02961942,0.03636764,0.76546784,-0.0901288
2016,North Dakota,0,North Dakota2016,52974.575,3.1,2.1225,-7.4191085,10.7142857,-1.2790698,10.8775674,-0.0651796,1.13140211,0.10178269,0.75259464,-0.0128732
2017,North Dakota,0,North Dakota2017,54083.125,2.7,2.125,-1.6509299,-12.903226,0.11778563,10.8982775,0.02071013,0.99325177,-0.1381503,0.7537718,0.00117716
2006,Ohio,0,Ohio2006,545504.175,5.4,2.38571429,0.92385333,-8.4745763,2.55010662,13.2094657,-0.0008512,1.68639895,-0.0885534,0.86949857,0.02518134
2007,Ohio,1,Ohio2007,546729.325,5.6,2.33561644,0.082162,3.7037037,-2.0999098,13.2117091,0.00224339,1.7227666,0.03636764,0.84827586,-0.0212227
2008,Ohio,1,Ohio2008,537124.1,6.4,2.32666667,-0.0157417,14.2857143,-0.3831867,13.1939844,-0.0177247,1.85629799,0.13353139,0.84443663,-0.0038392
2009,Ohio,1,Ohio2009,511076.45,10.3,2.34027778,-5.7234309,60.9375,0.58500477,13.1442745,-0.04971,2.3321439,0.4758459,0.85026963,0.005833
2010,Ohio,1,Ohio2010,523979.35,10.3,2.42857143,-0.007146,0,3.77278509,13.1692076,0.02493309,2.3321439,0,0.8873032,0.03703356
2011,Ohio,0,Ohio2011,541180.175,8.8,2.46392857,3.65447995,-14.563107,1.45588232,13.2015075,0.03229999,2.17475172,-0.1573922,0.90175706,0.01445386
2012,Ohio,0,Ohio2012,545740.15,7.4,2.35862069,2.0734298,-15.909091,-4.2739827,13.2098982,0.00839068,2.00148,-0.1732717,0.85807699,-0.0436801
2013,Ohio,0,Ohio2013,556210.5,7.5,2.33333333,1.41266763,1.35135135,-1.0721248,13.2289021,0.01900387,2.01490302,0.01342302,0.84729786,-0.0107791
2014,Ohio,0,Ohio2014,574177.925,5.8,2.33333333,1.91065683,-22.666667,0,13.2606946,0.0317925,1.75785792,-0.2570451,0.84729786,0
2015,Ohio,0,Ohio2015,578852.375,4.9,2.29677419,2.51425436,-15.517241,-1.5668202,13.2688028,0.00810816,1.58923521,-0.1686227,0.83150561,-0.0157922
2016,Ohio,0,Ohio2016,583946.375,5,2.28125,0.27631938,2.04081633,-0.6759129,13.2775644,0.00876168,1.60943791,0.02020271,0.82472354,-0.0067821
2017,Ohio,0,Ohio2017,590738.825,5,2.22424242,1.71169002,0,-2.4989622,13.2891293,0.01156484,1.60943791,0,0.79941637,-0.0253072
2006,Oklahoma,1,Oklahoma2006,152857.7,4,2.632,10.3961879,-11.111111,6.85287431,11.9372627,0.06337345,1.38629436,-0.117783,0.96774401,0.0662827
2007,Oklahoma,1,Oklahoma2007,156219.525,4.1,2.6969697,-3.3638233,2.5,2.46845353,11.9590175,0.02175481,1.41098697,0.02469261,0.99212881,0.02438479
2008,Oklahoma,1,Oklahoma2008,162387,3.7,2.66666667,3.60140027,-9.7560976,-1.1235955,11.9977377,0.03872015,1.30833282,-0.1026542,0.98082925,-0.0112996
2009,Oklahoma,1,Oklahoma2009,160091.625,6.4,2.70592593,2.96452725,72.972973,1.47222221,11.9835016,-0.0142361,1.85629799,0.54796517,0.99544416,0.0146149
2010,Oklahoma,1,Oklahoma2010,160564.175,6.8,2.66917293,-3.4941627,6.25,-1.358241,11.986449,0.0029474,1.91692261,0.06062462,0.98176866,-0.0136755
2011,Oklahoma,0,Oklahoma2011,166327.2,5.9,2.74814815,1.97362482,-13.235294,2.95878978,12.0217122,0.03526323,1.77495235,-0.1419703,1.01092728,0.02915862
2012,Oklahoma,0,Oklahoma2012,174874.4,5.2,2.69285714,8.41949604,-11.864407,-2.0119368,12.0718233,0.05011107,1.64865863,-0.1262937,0.99060276,-0.0203245
2013,Oklahoma,0,Oklahoma2013,177698.875,5.3,2.77551724,1.90030309,1.92307692,3.06960576,12.0878457,0.0160224,1.66770682,0.01904819,1.02083712,0.03023436
2014,Oklahoma,0,Oklahoma2014,189360,4.5,2.66666667,2.57852234,-15.09434,-3.9218122,12.1514052,0.06355956,1.5040774,-0.1636294,0.98082925,-0.0400079
2015,Oklahoma,0,Oklahoma2015,197071.875,4.4,2.83333333,8.6440236,-2.2222222,6.24999997,12.1913238,0.03991854,1.48160454,-0.0224729,1.04145387,0.06062462
2016,Oklahoma,0,Oklahoma2016,193025.125,4.8,2.83333333,-1.2070575,9.09090909,0,12.1705756,-0.0207481,1.56861592,0.08701138,1.04145387,0
2017,Oklahoma,0,Oklahoma2017,194255.95,4.2,2.66666667,-1.2486617,-12.5,-5.8823529,12.1769319,0.00635626,1.43508453,-0.1335314,0.98082925,-0.0606246
2006,Oregon,1,Oregon2006,166107.2,5.3,2.36956522,5.18715343,-14.516129,-0.8762031,12.0203886,0.04900437,1.66770682,-0.1568425,0.86270649,-0.0088006
2007,Oregon,1,Oregon2007,168975.15,5.2,2.28873239,0.17073017,-1.8867925,-3.4112934,12.0375069,0.0171183,1.64865863,-0.0190482,0.82799812,-0.0347084
2008,Oregon,1,Oregon2008,173598.425,6.5,2.34666667,4.96711922,25,2.53128208,12.0645,0.02699307,1.87180218,0.22314355,0.85299588,0.02499776
2009,Oregon,1,Oregon2009,165527.2,11.3,2.44097222,-3.3397026,73.8461539,4.01870263,12.0168908,-0.0476092,2.42480273,0.55300055,0.89239641,0.03940053
2010,Oregon,1,Oregon2010,169234.025,10.6,2.5037037,0.77253577,-6.1946903,2.56993838,12.0390378,0.02214699,2.360854,-0.0639487,0.91777112,0.02537471
2011,Oregon,1,Oregon2011,173831.725,9.5,2.36666667,2.64660631,-10.377358,-5.4733728,12.065843,0.02680521,2.2512918,-0.1095622,0.8614825,-0.0562886
2012,Oregon,1,Oregon2012,174610.975,8.8,2.48535714,1.38848454,-7.3684211,5.01509054,12.0703158,0.00447277,2.17475172,-0.0765401,0.91041637,0.04893387
2013,Oregon,1,Oregon2013,175933.8,7.9,2.46503497,-0.8663168,-10.227273,-0.8176764,12.0778631,0.00754729,2.06686276,-0.107889,0.90220599,-0.0082104
2014,Oregon,1,Oregon2014,181220.575,6.8,2.47586207,1.70550292,-13.924051,0.4392272,12.1074702,0.02960715,1.91692261,-0.1499401,0.90658865,0.00438265
2015,Oregon,1,Oregon2015,189946.55,5.6,2.5,5.74760223,-17.647059,0.97493036,12.154498,0.04702778,1.7227666,-0.194156,0.91629073,0.00970209
2016,Oregon,1,Oregon2016,198079.325,4.8,2.42580645,4.74746764,-14.285714,-2.9677419,12.1964229,0.04192486,1.56861592,-0.1541507,0.88616403,-0.0301267
2017,Oregon,1,Oregon2017,205744.775,4.1,2.26764706,2.71807558,-14.583333,-6.5198686,12.2343917,0.03796886,1.41098697,-0.1576289,0.81874276,-0.0674213
2006,Pennsylvania,1,Pennsylvania2006,597219.25,4.6,2.26102941,0.59397206,-8,1.2617139,13.3000396,0.00396645,1.5260563,-0.0833816,0.8158202,0.01253821
2007,Pennsylvania,1,Pennsylvania2007,617309.875,4.4,2.32740214,2.42525033,-4.3478261,2.93550905,13.3331264,0.03308683,1.48160454,-0.0444518,0.84475268,0.02893248
2008,Pennsylvania,1,Pennsylvania2008,629807.875,5.3,2.16666667,3.9516777,20.4545455,-6.9062181,13.3531701,0.02004369,1.66770682,0.18610228,0.77318989,-0.0715628
2009,Pennsylvania,1,Pennsylvania2009,610147.925,8,2.22222222,-3.7537631,50.9433962,2.56410254,13.3214567,-0.0317134,2.07944154,0.41173472,0.7985077,0.02531781
2010,Pennsylvania,1,Pennsylvania2010,627726.3,8.5,2.29473684,1.67356411,6.25,3.2631579,13.3498595,0.02840282,2.14006616,0.06062462,0.83061817,0.03211048
2011,Pennsylvania,0,Pennsylvania2011,637114,7.9,2.26608997,1.83045445,-7.0588235,-1.2483731,13.3647039,0.01484436,2.06686276,-0.0732034,0.81805586,-0.0125623
2012,Pennsylvania,0,Pennsylvania2012,647925.85,7.8,2.24,3.06825793,-1.2658228,-1.1513208,13.3815315,0.01682766,2.05412373,-0.012739,0.80647587,-0.01158
2013,Pennsylvania,0,Pennsylvania2013,655929.175,7.4,2.3,0.75636052,-5.1282051,2.67857143,13.3938081,0.01227656,2.00148,-0.0526437,0.83290912,0.02643326
2014,Pennsylvania,0,Pennsylvania2014,669643.125,5.9,2.33333333,1.05492016,-20.27027,1.44927535,13.4145002,0.0206921,1.77495235,-0.2265276,0.84729786,0.01438874
2015,Pennsylvania,1,Pennsylvania2015,682466.075,5.3,2.28343949,3.49176742,-10.169492,-2.1383076,13.4334681,0.0189679,1.66770682,-0.1072455,0.82568285,-0.021615
2016,Pennsylvania,1,Pennsylvania2016,688359.375,5.4,2.2875,0.52116241,1.88679245,0.17782429,13.4420663,0.00859823,1.68639895,0.01869213,0.82745952,0.00177666
2017,Pennsylvania,1,Pennsylvania2017,694236.475,4.9,2.22058824,0.51977384,-9.2592593,-2.9251045,13.4505679,0.0085016,1.58923521,-0.0971637,0.79777213,-0.0296874
2006,Rhode Island,0,Rhode Island2006,52899.55,4.9,2.11,2.74600947,-2,-7.5068493,10.8761501,0.02934681,1.58923521,-0.0202027,0.74668795,-0.0780356
2007,Rhode Island,0,Rhode Island2007,51469.05,5.2,2.19354839,1.04854683,6.12244898,3.95963919,10.8487359,-0.0274142,1.64865863,0.05942342,0.7855205,0.03883255
2008,Rhode Island,0,Rhode Island2008,50575.175,7.8,2.21528239,-2.7594833,50,0.99081493,10.8312161,-0.0175198,2.05412373,0.40546511,0.79537989,0.00985939
2009,Rhode Island,0,Rhode Island2009,50004.325,11,2.20952381,-3.2768337,41.025641,-0.259948,10.8198648,-0.0113513,2.39789527,0.34377154,0.79277702,-0.0026029
2010,Rhode Island,0,Rhode Island2010,51332.8,11.2,2.25666667,2.7768148,1.81818182,2.13362068,10.8460852,0.02622042,2.41591378,0.01801851,0.8138888,0.02111178
2011,Rhode Island,1,Rhode Island2011,51279.65,11,2.22406915,-0.430606,-1.7857143,-1.4444986,10.8450493,-0.0010359,2.39789527,-0.0180185,0.79933847,-0.0145503
2012,Rhode Island,1,Rhode Island2012,51583.025,10.4,2.27647641,2.44840791,-5.4545455,2.35636833,10.8509479,0.00589866,2.34180581,-0.0560895,0.82262881,0.02329035
2013,Rhode Island,1,Rhode Island2013,51910.85,9.3,2.27125243,0.73907057,-10.576923,-0.2294764,10.8572831,0.00633518,2.2300144,-0.1117914,0.82033141,-0.0022974
2014,Rhode Island,1,Rhode Island2014,52293.375,7.7,2.33666667,-0.0403104,-17.204301,2.88009528,10.864625,0.00734187,2.04122033,-0.1887941,0.84872541,0.028394
2015,Rhode Island,1,Rhode Island2015,52819.075,6,2.00578035,1.06769493,-22.077922,-14.160613,10.8746277,0.0100027,1.79175947,-0.2494609,0.69603319,-0.1526922
2016,Rhode Island,1,Rhode Island2016,52902.625,5.2,2.15757576,-0.538848,-13.333333,7.56789801,10.8762082,0.00158057,1.64865863,-0.1431008,0.76898526,0.07295207
2017,Rhode Island,1,Rhode Island2017,52608.8,4.4,2.09514286,-0.1866384,-15.384615,-2.8936597,10.8706387,-0.0055696,1.48160454,-0.1670541,0.73962174,-0.0293635
2006,South Carolina,0,South Carolina2006,173370.9,6.4,2.468,2.81583188,-4.4776119,-2.7757576,12.0631885,0.02264815,1.85629799,-0.0458095,0.90340811,-0.0281501
2007,South Carolina,0,South Carolina2007,178474.6,5.7,2.50943396,1.1730324,-10.9375,1.67884773,12.0922016,0.02901306,1.74046617,-0.1158318,0.92005721,0.01664911
2008,South Carolina,0,South Carolina2008,176567.55,6.8,2.46296296,2.03263582,19.2982456,-1.8518518,12.0814588,-0.0107428,1.91692261,0.17645644,0.90136508,-0.0186921
2009,South Carolina,0,South Carolina2009,168851.8,11.2,2.55769231,-5.447536,64.7058824,3.84615386,12.0367767,-0.0446821,2.41591378,0.49899117,0.93910541,0.03774033
2010,South Carolina,0,South Carolina2010,172131,11.2,2.548,0.77048834,0,-0.3789474,12.0560111,0.01923441,2.41591378,0,0.93530874,-0.0037967
2011,South Carolina,0,South Carolina2011,176083.2,10.6,2.556,2.60302922,-5.3571429,0.31397174,12.0787119,0.0227008,2.360854,-0.0550598,0.93844354,0.0031348
2012,South Carolina,0,South Carolina2012,177618.125,9.2,2.56153846,2.49521177,-13.207547,0.21668474,12.0873912,0.00867927,2.21920348,-0.1416505,0.94060804,0.0021645
2013,South Carolina,0,South Carolina2013,180881.525,7.6,2.55,0.62546095,-17.391304,-0.4504505,12.1055975,0.01820638,2.02814825,-0.1910552,0.93609336,-0.0045147
2014,South Carolina,0,South Carolina2014,185986.9,6.5,2.48120301,1.62100257,-14.473684,-2.6979213,12.1334315,0.02783398,1.87180218,-0.1563461,0.90874353,-0.0273498
2015,South Carolina,0,South Carolina2015,192019.85,6,2.38686131,3.45308588,-7.6923077,-3.8022562,12.165354,0.03192251,1.79175947,-0.0800427,0.86997925,-0.0387643
2016,South Carolina,0,South Carolina2016,198005.675,5,2.37288136,3.46975526,-16.666667,-0.5857047,12.196051,0.03069694,1.60943791,-0.1823216,0.86410498,-0.0058743
2017,South Carolina,0,South Carolina2017,202494.275,4.3,2.34899329,2.9675699,-14,-1.0067114,12.2184669,0.02241592,1.45861502,-0.1508229,0.85398685,-0.0101181
2006,South Dakota,0,South Dakota2006,36350.825,3.1,2.37226277,1.25251409,-18.421053,3.14185974,10.5009722,0.01409023,1.13140211,-0.203599,0.86384426,0.03093513
2007,South Dakota,0,South Dakota2007,37755.925,2.8,2.10989011,4.17859376,-9.6774194,-11.060017,10.5388977,0.03792552,1.02961942,-0.1017827,0.74663587,-0.1172084
2008,South Dakota,0,South Dakota2008,39080.75,3.1,2.21,5.5768295,10.7142857,4.74479166,10.5733853,0.0344876,1.13140211,0.10178269,0.79299252,0.04635665
2009,South Dakota,0,South Dakota2009,39987.275,4.9,2.28214286,-1.2456666,58.0645161,3.26438267,10.5963166,0.02293126,1.58923521,0.45783309,0.82511485,0.03212234
2010,South Dakota,0,South Dakota2010,40369.6,5,2.46666667,0.42891458,2.04081633,8.08555036,10.6058323,0.00951575,1.60943791,0.02020271,0.90286771,0.07775286
2011,South Dakota,0,South Dakota2011,43049.5,4.7,2.19354839,6.19989797,-6,-11.072363,10.6701059,0.06427359,1.54756251,-0.0618754,0.7855205,-0.1173472
2012,South Dakota,0,South Dakota2012,43901.5,4.3,2.31290323,6.37280316,-8.5106383,5.44117648,10.6897038,0.01959787,1.45861502,-0.0889475,0.83850354,0.05298304
2013,South Dakota,0,South Dakota2013,44147.375,3.8,2.42,-1.6533009,-11.627907,4.63040445,10.6952887,0.00558498,1.33500107,-0.123614,0.88376754,0.045264
2014,South Dakota,0,South Dakota2014,44846.475,3.4,2.28787879,2.78795704,-10.526316,-5.4595542,10.7110003,0.01571152,1.22377543,-0.1112256,0.82762509,-0.0561424
2015,South Dakota,0,South Dakota2015,45664.525,3.1,2.18525074,-0.4131318,-8.8235294,-4.4857294,10.729077,0.01807675,1.13140211,-0.0923733,0.78173058,-0.0458945
2016,South Dakota,0,South Dakota2016,46075.975,3,2.43566384,0.82680418,-3.2258065,11.459239,10.7380469,0.00896993,1.09861229,-0.0327898,0.89021934,0.10848877
2017,South Dakota,0,South Dakota2017,45878.175,3.2,2.38611111,3.1063124,6.66666667,-2.0344651,10.7337448,-0.0043022,1.16315081,0.06453852,0.86966489,-0.0205545
2006,Tennessee,1,Tennessee2006,274879.2,5.2,2.52,3.12707905,-7.1428571,2.43902439,12.524087,0.02388434,1.64865863,-0.074108,0.9242589,0.02409755
2007,Tennessee,1,Tennessee2007,273224.025,4.7,2.54538462,-1.4206955,-9.6153846,1.00732599,12.5180473,-0.0060397,1.54756251,-0.1010961,0.93428176,0.01002286
2008,Tennessee,1,Tennessee2008,274571.05,6.6,2.45464684,2.66980224,40.4255319,-3.5647962,12.5229653,0.004918,1.88706965,0.33950714,0.8979829,-0.0362989
2009,Tennessee,1,Tennessee2009,264737.15,10.5,2.55384615,-4.0354358,59.0909091,4.04128661,12.4864927,-0.0364726,2.35137526,0.46430561,0.93760052,0.03961762
2010,Tennessee,1,Tennessee2010,268449.775,9.7,2.584,0.50451784,-7.6190476,1.18072289,12.5004191,0.01392639,2.27212589,-0.0792494,0.94933859,0.01173807
2011,Tennessee,0,Tennessee2011,276898.25,9,2.624,1.96422002,-7.2164948,1.54798762,12.5314054,0.03098627,2.19722458,-0.0749013,0.96469987,0.01536129
2012,Tennessee,0,Tennessee2012,286341.45,7.8,2.55384615,4.51479278,-13.333333,-2.673546,12.5649403,0.03353487,2.05412373,-0.1431008,0.93760052,-0.0270994
2013,Tennessee,0,Tennessee2013,289794.625,7.8,2.54580153,2.25205985,0,-0.3150005,12.5769278,0.0119875,2.05412373,0,0.93444554,-0.003155
2014,Tennessee,0,Tennessee2014,294130.1,6.6,2.59047619,0.05848241,-15.384615,1.75483684,12.5917775,0.0148497,1.88706965,-0.1670541,0.95184172,0.01739617
2015,Tennessee,0,Tennessee2015,304484.175,5.6,2.51428571,3.20169826,-15.151515,-2.9411765,12.6263744,0.03459693,1.7227666,-0.1643031,0.92198875,-0.029853
2016,Tennessee,0,Tennessee2016,310143.225,4.7,2.4137931,2.36827964,-16.071429,-3.9968652,12.6447895,0.01841509,1.54756251,-0.1752041,0.88119941,-0.0407893
2017,Tennessee,0,Tennessee2017,318412,3.8,2.38,2.85632881,-19.148936,-1.4,12.6711014,0.02631193,1.33500107,-0.2125614,0.86710049,-0.0140989
2006,Texas,0,Texas2006,1228547.3,4.9,4.29285714,5.45133524,-9.2592593,-16.592585,14.021343,0.07359983,1.58923521,-0.0971637,1.45695251,-0.181433
2007,Texas,0,Texas2007,1286192.7,4.3,4.35566667,5.22143312,-12.244898,1.46311703,14.067197,0.04585404,1.45861502,-0.1306202,1.47147768,0.01452517
2008,Texas,0,Texas2008,1282088.65,4.8,4.7,1.22977973,11.627907,7.90541057,14.0640011,-0.003196,1.56861592,0.1100009,1.54756251,0.07608483
2009,Texas,0,Texas2009,1277295.38,7.6,4.99333333,0.22901579,58.3333333,6.24113475,14.0602554,-0.0037457,2.02814825,0.45953233,1.60810369,0.06054118
2010,Texas,0,Texas2010,1309962.33,8.1,3.98666667,1.09202677,6.57894737,-20.160214,14.0855089,0.02525352,2.09186406,0.06371581,1.38295546,-0.2251482
2011,Texas,0,Texas2011,1353600.38,7.8,4.02833333,2.77652256,-3.7037037,1.04515049,14.1182785,0.03276961,2.05412373,-0.0377403,1.39335273,0.01039727
2012,Texas,0,Texas2012,1421180.1,6.7,4,5.03365537,-14.102564,-0.7033513,14.1669981,0.0487196,1.90210753,-0.1520162,1.38629436,-0.0070584
2013,Texas,0,Texas2013,1484700.13,6.3,3.95133333,4.42909394,-5.9701493,-1.2166667,14.2107234,0.04372523,1.84054963,-0.0615579,1.37405307,-0.0122413
2014,Texas,0,Texas2014,1529617.13,5.1,3.90322581,1.7124444,-19.047619,-1.2175011,14.240528,0.02980464,1.62924054,-0.2113091,1.36180334,-0.0122497
2015,Texas,0,Texas2015,1605901.68,4.4,3.765625,8.04359028,-13.72549,-3.5253099,14.2891959,0.04866793,1.48160454,-0.147636,1.32591385,-0.0358895
2016,Texas,0,Texas2016,1619954.15,4.6,3.66463415,0.60891779,4.54545455,-2.6819148,14.2979084,0.00871246,1.5260563,0.04445176,1.29872851,-0.0271853
2017,Texas,0,Texas2017,1664218.58,4.3,3.48405797,1.51508525,-6.5217391,-4.9275362,14.3248662,0.02695784,1.45861502,-0.0674413,1.2481977,-0.0505308
2006,Utah,0,Utah2006,118482.35,3,321.231479,8.10673465,-26.829268,4.87771736,11.6825193,0.07386145,1.09861229,-0.3123747,5.77216198,-0.0356471
2007,Utah,0,Utah2007,123835.35,2.6,302.727242,4.41851138,-13.333333,-5.5060241,11.7267081,0.04418886,0.95551145,-0.1431008,5.71283221,-0.0593298
2008,Utah,0,Utah2008,124225.525,3.6,293.8235,2.34416495,38.4615385,2.63929619,11.7298539,0.0031458,1.28093385,0.3254224,5.68297925,-0.029853
2009,Utah,0,Utah2009,121431.375,7.3,295.573935,-1.2607728,102.777778,1.52958154,11.7071046,-0.0227494,1.98787435,0.7069405,5.68891901,0.00593976
2010,Utah,0,Utah2010,123902.225,7.8,298.238776,0.04324082,6.84931507,4.76603065,11.727248,0.02014346,2.05412373,0.06624939,5.69789443,0.00897542
2011,Utah,0,Utah2011,127992.5,6.7,302.763606,3.62665556,-14.102564,5.43600151,11.7597269,0.03247892,1.90210753,-0.1520162,5.71295232,0.0150579
2012,Utah,0,Utah2012,129512.525,5.4,285.428543,2.46432815,-19.402985,-5.7390818,11.7715329,0.01180593,1.68639895,-0.2157086,5.65399171,-0.0589606
2013,Utah,0,Utah2013,133112.9,4.6,285.445686,1.4908984,-14.814815,5.94594595,11.7989529,0.02742005,1.5260563,-0.1603427,5.65405177,0.000060058
2014,Utah,0,Utah2014,136993.7,3.8,285.428543,2.86573859,-17.391304,0.51020408,11.8276902,0.0287373,1.33500107,-0.1910552,5.65399171,-0.00006006
2015,Utah,0,Utah2015,141720.525,3.6,277.499972,3.15900655,-5.2631579,-6.0323456,11.8616123,0.03392205,1.28093385,-0.0540672,5.62582083,-0.0281709
2016,Utah,0,Utah2016,147962.325,3.4,269.98646,4.08357346,-5.5555556,0.67382367,11.904713,0.0431007,1.22377543,-0.0571584,5.59837181,-0.027449
2017,Utah,0,Utah2017,154367.25,3.3,10.7552083,3.4233382,-2.9411765,-0.6071833,11.9470898,0.04237682,1.19392247,-0.029853,2.37539013,-3.2229817
2006,Vermont,0,Vermont2006,27128.8,3.7,1.89889706,1.47461477,5.71428571,7.44419423,10.2083512,0.00492293,1.30833282,0.05556985,0.64127322,0.0718014
2007,Vermont,0,Vermont2007,26886.675,4,1.76666667,-2.84138,8.10810811,-6.9635366,10.1993861,-0.0089651,1.38629436,0.07796154,0.56909453,-0.0721787
2008,Vermont,0,Vermont2008,27758.375,4.7,1.84,4.59716121,17.5,4.15094338,10.2312929,0.03190679,1.54756251,0.16126815,0.60976557,0.04067104
2009,Vermont,0,Vermont2009,27221.975,6.6,1.94666667,-2.7524683,40.4255319,5.79710147,10.2117798,-0.019513,1.88706965,0.33950714,0.66611851,0.05635294
2010,Vermont,0,Vermont2010,28403.75,6.1,1.97333333,2.77421667,-7.5757576,1.36986298,10.2542765,0.04249663,1.80828877,-0.0787809,0.67972416,0.01360565
2011,Vermont,1,Vermont2011,29013.525,5.5,1.80322581,2.70508304,-9.8360656,-8.6203139,10.2755174,0.02124092,1.70474809,-0.1035407,0.58957718,-0.090147
2012,Vermont,1,Vermont2012,29241.25,5,1.77,2.60198456,-9.0909091,-1.842576,10.2833357,0.00781828,1.60943791,-0.0953102,0.57097955,-0.0185976
2013,Vermont,1,Vermont2013,28681.5,4.4,1.95333333,-1.3519184,-12,10.3578154,10.2640076,-0.0193281,1.48160454,-0.1278334,0.66953731,0.09855777
2014,Vermont,1,Vermont2014,28912.2,3.9,1.9435216,-1.89089,-11.363636,-0.5023074,10.2720189,0.00801134,1.36097655,-0.120628,0.66450158,-0.0050357
2015,Vermont,1,Vermont2015,29119.05,3.6,1.90909091,2.41057707,-7.6923077,-1.7715618,10.2791479,0.00712895,1.28093385,-0.0800427,0.64662716,-0.0178744
2016,Vermont,1,Vermont2016,29408.15,3.2,1.84705882,1.04561396,-11.111111,-3.2492997,10.2890271,0.00987925,1.16315081,-0.117783,0.61359455,-0.0330326
2017,Vermont,0,Vermont2017,29500.85,3,1.72835821,0.54805252,-6.25,-6.4264664,10.2921744,0.00314723,1.09861229,-0.0645385,0.54717195,-0.0664226
2006,Virginia,1,Virginia2006,419870.625,3.1,2.69757576,3.85256896,-13.888889,0.24577303,12.9477019,0.0187179,1.13140211,-0.1495317,0.9923535,0.00245471
2007,Virginia,1,Virginia2007,424939.55,3,2.63714286,-0.0062237,-3.2258065,-2.2402671,12.9597022,0.0120003,1.09861229,-0.0327898,0.96969608,-0.0226574
2008,Virginia,1,Virginia2008,431216.7,3.9,2.76136364,1.77646295,30,4.71043041,12.974366,0.01466382,1.36097655,0.26236426,1.01572463,0.04602855
2009,Virginia,1,Virginia2009,427648.95,6.7,2.80571429,-1.1407935,71.7948718,1.60611407,12.9660579,-0.0083081,1.90210753,0.54113097,1.03165815,0.01593353
2010,Virginia,0,Virginia2010,441242.375,7.1,2.73714286,2.58073915,5.97014925,-2.4439919,12.9973496,0.03129168,1.96009478,0.05798726,1.00691462,-0.0247435
2011,Virginia,0,Virginia2011,444288,6.6,2.85014409,1.71215567,-7.0422535,4.12843761,13.0042283,0.00687867,1.88706965,-0.0730251,1.04736955,0.04045493
2012,Virginia,0,Virginia2012,445973.625,6.1,2.84857143,0.88281877,-7.5757576,-0.0551784,13.0080151,0.00378681,1.80828877,-0.0787809,1.04681762,-0.0005519
2013,Virginia,0,Virginia2013,449063.75,5.7,2.83714286,1.11746443,-6.557377,-0.4012036,13.0149201,0.00690505,1.74046617,-0.0678226,1.04279751,-0.0040201
2014,Virginia,1,Virginia2014,447678.1,5.2,2.75,-1.3282811,-8.7719298,-3.0715005,13.0118297,-0.0030904,1.64865863,-0.0918075,1.01160091,-0.0311966
2015,Virginia,1,Virginia2015,455162.375,4.5,2.74672131,1.44130627,-13.461538,-0.1192251,13.0284095,0.01657978,1.5040774,-0.1445812,1.01040795,-0.001193
2016,Virginia,1,Virginia2016,459965.825,4.1,2.71063158,0.95210909,-8.8888889,-1.3139204,13.0389075,0.01049797,1.41098697,-0.0930904,0.99718166,-0.0132263
2017,Virginia,1,Virginia2017,466724.8,3.7,2.6125,1.59060892,-9.7560976,-3.6202478,13.0534951,0.0145876,1.30833282,-0.1026542,0.96030762,-0.036874
2006,Washington,1,Washington2006,353263.5,5,2.51572327,4.21460837,-10.714286,3.93909298,12.7749695,0.03701073,1.60943791,-0.1133287,0.92256034,0.0386349
2007,Washington,1,Washington2007,373180.6,4.7,2.45783133,2.73051525,-6,-2.3012048,12.8298178,0.05484825,1.54756251,-0.0618754,0.89927939,-0.023281
2008,Washington,1,Washington2008,381289.95,5.4,2.42,5.40913577,14.893617,-1.5392157,12.8513154,0.02149762,1.68639895,0.13883644,0.88376754,-0.0155118
2009,Washington,1,Washington2009,370136.6,9.2,2.52058824,-2.9139732,70.3703704,4.15653864,12.8216274,-0.029688,2.21920348,0.53280453,0.9244923,0.04072476
2010,Washington,1,Washington2010,380989.45,10,2.54545455,1.47625309,8.69565217,0.98652805,12.850527,0.02889956,2.30258509,0.08338161,0.93430924,0.00981694
2011,Washington,1,Washington2011,387745.225,9.3,2.59603659,2.97116787,-7,1.98715157,12.8681038,0.0175768,2.2300144,-0.0725707,0.95398589,0.01967665
2012,Washington,1,Washington2012,400530.6,8.1,2.65486726,3.62097582,-12.903226,2.26617269,12.9005454,0.03244168,2.09186406,-0.1381503,0.97639466,0.02240876
2013,Washington,1,Washington2013,410873.875,7,2.57643678,2.35575266,-13.580247,-2.9542146,12.9260416,0.02549613,1.94591015,-0.1459539,0.94640735,-0.0299873
2014,Washington,1,Washington2014,424467.625,6.1,2.55428571,2.15214372,-12.857143,-0.8597559,12.958591,0.03254944,1.80828877,-0.1376214,0.93777262,-0.0086347
2015,Washington,1,Washington2015,441952.075,5.6,2.60277778,4.41871893,-8.1967213,1.89845888,12.9989567,0.04036571,1.7227666,-0.0855222,0.95657925,0.01880663
2016,Washington,1,Washington2016,458263.775,5.3,2.5,4.62120202,-5.3571429,-3.9487727,13.0352002,0.0362435,1.66770682,-0.0550598,0.91629073,-0.0402885
2017,Washington,1,Washington2017,482824.05,4.7,2.5015,3.76693813,-11.320755,0.06,13.0874076,0.05220736,1.54756251,-0.1201443,0.91689055,0.00059982
2006,West Virginia,1,West Virginia2006,66861.425,4.9,2.29807692,1.89970279,-3.9215686,0.54086537,11.1103775,0.01785209,1.58923521,-0.0400053,0.83207265,0.00539408
2007,West Virginia,1,West Virginia2007,67119.075,4.6,2.32272727,0.03018784,-6.122449,1.07265121,11.1142236,0.00384609,1.5260563,-0.0631789,0.84274204,0.01066939
2008,West Virginia,1,West Virginia2008,68483.875,4.3,2.21304348,1.20519735,-6.5217391,-4.7221986,11.1343536,0.02013004,1.45861502,-0.0674413,0.79436871,-0.0483733
2009,West Virginia,1,West Virginia2009,68191.775,7.7,2.25652174,2.90953759,79.0697674,1.96463655,11.1300792,-0.0042744,2.04122033,0.58260531,0.81382457,0.01945587
2010,West Virginia,1,West Virginia2010,69153.5,8.7,2.33079337,-2.995224,12.987013,3.29142085,11.144084,0.01400472,2.16332303,0.1221027,0.84620871,0.03238414
2011,West Virginia,1,West Virginia2011,70361.275,8.1,2.41071429,2.45506722,-6.8965517,3.42891486,11.1613983,0.01731437,2.09186406,-0.071459,0.87992309,0.03371438
2012,West Virginia,1,West Virginia2012,70322.225,7.5,2.32083333,2.82950448,-7.4074074,-3.7283951,11.1608432,-0.0005551,2.01490302,-0.076961,0.84192632,-0.0379968
2013,West Virginia,1,West Virginia2013,70550.125,6.8,2.35833333,-0.4182412,-9.3333333,1.61579892,11.1640787,0.00323556,1.91692261,-0.0979804,0.85795515,0.01602884
2014,West Virginia,1,West Virginia2014,70532.425,6.6,2.30833333,-1.6270136,-2.9411765,-2.1201413,11.1638278,-0.0002509,1.88706965,-0.029853,0.83652576,-0.0214294
2015,West Virginia,1,West Virginia2015,70663.025,6.7,2.248,2.12334586,1.51515152,-2.6137184,11.1656777,0.00184992,1.90210753,0.01503788,0.81004093,-0.0264848
2016,West Virginia,1,West Virginia2016,70011.35,6.1,2.37831421,-0.6284404,-8.9552239,5.79689533,11.1564127,-0.0092651,1.80828877,-0.0938188,0.86639192,0.05635099
2017,West Virginia,0,West Virginia2017,71459.375,5.2,2.328,1.22495775,-14.754098,-2.1155408,11.1768844,0.02047173,1.64865863,-0.1596301,0.84500953,-0.0213824
2006,Wisconsin,1,Wisconsin2006,268246.425,4.7,2.04046667,2.5236651,0,1.65061445,12.4996613,0.01709927,1.54756251,0,0.71317854,0.0163714
2007,Wisconsin,1,Wisconsin2007,269933.625,4.9,2.0852459,0.41018263,4.25531915,2.19455852,12.5059314,0.00627004,1.58923521,0.0416727,0.73488679,0.02170825
2008,Wisconsin,1,Wisconsin2008,266626.925,4.9,2.03125,-0.1638938,0,-2.5894261,12.4936057,-0.0123257,1.58923521,0,0.70865137,-0.0262354
2009,Wisconsin,1,Wisconsin2009,258761.225,8.6,2.08169935,-4.8463442,75.5102041,2.48366011,12.463661,-0.0299447,2.1517622,0.562527,0.73318455,0.02453319
2010,Wisconsin,1,Wisconsin2010,266830.8,8.7,2.21045665,2.67557036,1.1627907,6.18520178,12.49437,0.03070902,2.16332303,0.01156082,0.79319912,0.06001457
2011,Wisconsin,0,Wisconsin2011,272813.225,7.8,2.13433333,2.86761616,-10.344828,-3.4437824,12.5165427,0.02217265,2.05412373,-0.1091993,0.75815434,-0.0350448
2012,Wisconsin,0,Wisconsin2012,277107.125,7,2.1509434,3.3116678,-10.25641,0.77823191,12.5321594,0.01561676,1.94591015,-0.1082136,0.76590653,0.00775219
2013,Wisconsin,0,Wisconsin2013,278014.95,6.7,2.125,-0.5215129,-4.2857143,-1.2061403,12.5354302,0.00327072,1.90210753,-0.0438026,0.7537718,-0.0121347
2014,Wisconsin,0,Wisconsin2014,283981.125,5.4,2.125,0.68495152,-19.402985,0,12.5566631,0.02123289,1.68639895,-0.2157086,0.7537718,0
2015,Wisconsin,0,Wisconsin2015,289077,4.6,1.94097421,2.91159036,-14.814815,-8.6600371,12.5744484,0.01778531,1.5260563,-0.1603427,0.66319002,-0.0905818
2016,Wisconsin,0,Wisconsin2016,291920.275,4,2.04571429,1.19303501,-13.043478,5.39626304,12.584236,0.00978765,1.38629436,-0.1397619,0.71574701,0.05255699
2017,Wisconsin,0,Wisconsin2017,292311.175,3.3,2.00277008,0.11745315,-17.5,-2.0992278,12.5855742,0.00133817,1.19392247,-0.1923719,0.69453126,-0.0212157
2006,Wyoming,1,Wyoming2006,37813.45,3.2,2.18900344,7.19996647,-11.111111,1.71517732,10.5404201,0.12159715,1.16315081,-0.117783,0.78344639,0.01700634
2007,Wyoming,1,Wyoming2007,40632.25,2.8,2.25,11.8981135,-12.5,2.78649924,10.6123174,0.07189723,1.02961942,-0.1335314,0.81093022,0.02748383
2008,Wyoming,1,Wyoming2008,42868.2,3.1,2.22222222,3.81400131,10.7142857,-1.2345679,10.6658856,0.05356821,1.13140211,0.10178269,0.7985077,-0.0124225
2009,Wyoming,1,Wyoming2009,41546.4,6.3,2.10882353,8.24098957,103.225807,-5.1029412,10.6345662,-0.0313194,1.84054963,0.70914752,0.74613022,-0.0523775
2010,Wyoming,1,Wyoming2010,40056.65,6.4,2.22857143,-12.401233,1.58730159,5.67842204,10.59805,-0.0365162,1.85629799,0.01574836,0.80136077,0.05523054
2011,Wyoming,0,Wyoming2011,39767.95,5.8,2.2042042,0.30776329,-9.375,-1.0934011,10.5908166,-0.0072334,1.75785792,-0.0984401,0.79036654,-0.0109942
2012,Wyoming,0,Wyoming2012,38855.425,5.3,2.24778761,-0.1958688,-8.6206897,1.97728536,10.567603,-0.0232136,1.66770682,-0.0901511,0.80994645,0.01957991
2013,Wyoming,0,Wyoming2013,38849.575,4.7,2.35135135,-1.0909146,-11.320755,4.60736324,10.5674524,-0.0001506,1.54756251,-0.1201443,0.85499021,0.04504376
2014,Wyoming,0,Wyoming2014,39559.425,4.1,2.31142857,-0.6945902,-12.765957,-1.6978654,10.5855593,0.01810683,1.41098697,-0.1365755,0.83786576,-0.0171244
2015,Wyoming,0,Wyoming2015,40418.15,4.3,2.24155844,5.8781521,4.87804878,-3.0228115,10.6070342,0.02147497,1.45861502,0.04762805,0.80717136,-0.0306944
2016,Wyoming,0,Wyoming2016,38188.725,5.3,2.48587571,-2.7832092,23.255814,10.8994376,10.5502956,-0.0567386,1.66770682,0.2090918,0.91062499,0.10345364
2017,Wyoming,0,Wyoming2017,37429.1,4.2,2.21925134,-7.1694966,-20.754717,-10.725571,10.5302038,-0.0200918,1.43508453,-0.2326223,0.7971699,-0.1134551